packet_id,topology,src_node,delivered,delay_ms,hop_count,drop_reason,energy_used,memory_kb,replay_blocked
1,Star-50,28,True,7.671,1,,0.075,0.01562,False
2,Star-50,26,True,7.147,1,,0.075,0.01562,False
3,Star-50,43,True,7.077,1,,0.075,0.01562,False
4,Star-50,33,True,7.775,1,,0.075,0.01562,False
5,Star-50,27,True,8.039,1,,0.075,0.01562,False
6,Star-50,17,True,8.468,1,,0.075,0.01562,False
7,Star-50,45,True,7.899,1,,0.075,0.01562,False
8,Star-50,20,True,6.691,1,,0.075,0.01562,False
9,Star-50,12,True,7.824,1,,0.075,0.01562,False
10,Star-50,4,True,7.639,1,,0.075,0.01562,False
11,Star-50,49,True,6.873,1,,0.075,0.01562,False
12,Star-50,48,True,7.057,1,,0.075,0.01562,False
13,Star-50,41,True,7.631,1,,0.075,0.01562,False
14,Star-50,16,True,6.964,1,,0.075,0.01562,False
15,Star-50,23,True,7.336,1,,0.075,0.01562,False
16,Star-50,1,True,7.903,1,,0.075,0.01562,False
17,Star-50,7,True,7.083,1,,0.075,0.01562,False
18,Star-50,30,True,8.056,1,,0.075,0.01562,False
19,Star-50,15,True,7.551,1,,0.075,0.01562,False
20,Star-50,6,True,7.467,1,,0.075,0.01562,False
21,Star-50,43,True,6.796,1,,0.075,0.01562,False
22,Star-50,23,True,7.612,1,,0.075,0.01562,False
23,Star-50,44,True,6.894,1,,0.075,0.01562,False
24,Star-50,4,True,7.65,1,,0.075,0.01562,False
25,Star-50,44,True,7.152,1,,0.075,0.01562,False
26,Star-50,49,True,7.55,1,,0.075,0.01562,False
27,Star-50,6,True,7.59,1,,0.075,0.01562,False
28,Star-50,20,True,7.177,1,,0.075,0.01562,False
29,Star-50,30,True,7.998,1,,0.075,0.01562,False
30,Star-50,35,True,7.458,1,,0.075,0.01562,False
31,Star-50,25,True,8.111,1,,0.075,0.01562,False
32,Star-50,31,True,7.893,1,,0.075,0.01562,False
33,Star-50,11,True,7.611,1,,0.075,0.01562,False
34,Star-50,2,True,7.909,1,,0.075,0.01562,False
35,Star-50,29,True,6.673,1,,0.075,0.01562,False
36,Star-50,37,True,7.224,1,,0.075,0.01562,False
37,Star-50,16,True,7.634,1,,0.075,0.01562,False
38,Star-50,32,True,7.241,1,,0.075,0.01562,False
39,Star-50,40,True,7.265,1,,0.075,0.01562,False
40,Star-50,44,True,7.823,1,,0.075,0.01562,False
41,Star-50,12,True,7.643,1,,0.075,0.01562,False
42,Star-50,34,True,7.633,1,,0.075,0.01562,False
43,Star-50,6,True,7.62,1,,0.075,0.01562,False
44,Star-50,16,True,7.111,1,,0.075,0.01562,False
45,Star-50,12,True,6.97,1,,0.075,0.01562,False
46,Star-50,24,True,7.648,1,,0.075,0.01562,False
47,Star-50,5,True,7.68,1,,0.075,0.01562,False
48,Star-50,41,True,8.203,1,,0.075,0.01562,False
49,Star-50,42,True,7.261,1,,0.075,0.01562,False
50,Star-50,6,True,7.95,1,,0.075,0.01562,False
51,Star-50,38,True,7.039,1,,0.075,0.01562,False
52,Star-50,27,True,8.121,1,,0.075,0.01562,False
53,Star-50,39,True,8.312,1,,0.075,0.01562,False
54,Star-50,29,True,7.189,1,,0.075,0.01562,False
55,Star-50,44,True,7.833,1,,0.075,0.01562,False
56,Star-50,40,True,7.095,1,,0.075,0.01562,False
57,Star-50,5,True,7.478,1,,0.075,0.01562,False
58,Star-50,31,True,7.141,1,,0.075,0.01562,False
59,Star-50,29,True,7.893,1,,0.075,0.01562,False
60,Star-50,48,True,7.525,1,,0.075,0.01562,False
61,Star-50,17,True,6.829,1,,0.075,0.01562,False
62,Star-50,9,True,7.221,1,,0.075,0.01562,False
63,Star-50,32,True,7.574,1,,0.075,0.01562,False
64,Star-50,41,True,7.158,1,,0.075,0.01562,False
65,Star-50,29,True,6.695,1,,0.075,0.01562,False
66,Star-50,1,True,7.727,1,,0.075,0.01562,False
67,Star-50,45,True,7.484,1,,0.075,0.01562,False
68,Star-50,47,True,7.485,1,,0.075,0.01562,False
69,Star-50,5,True,7.877,1,,0.075,0.01562,False
70,Star-50,5,True,7.595,1,,0.075,0.01562,False
71,Star-50,25,True,7.148,1,,0.075,0.01562,False
72,Star-50,16,True,7.383,1,,0.075,0.01562,False
73,Star-50,3,True,7.417,1,,0.075,0.01562,False
74,Star-50,49,True,7.76,1,,0.075,0.01562,False
75,Star-50,15,True,7.286,1,,0.075,0.01562,False
76,Star-50,44,True,7.784,1,,0.075,0.01562,False
77,Star-50,25,True,7.772,1,,0.075,0.01562,False
78,Star-50,42,True,7.105,1,,0.075,0.01562,False
79,Star-50,9,True,7.349,1,,0.075,0.01562,False
80,Star-50,31,True,7.326,1,,0.075,0.01562,False
81,Star-50,24,True,7.161,1,,0.075,0.01562,False
82,Star-50,39,True,7.309,1,,0.075,0.01562,False
83,Star-50,6,True,7.563,1,,0.075,0.01562,False
84,Star-50,17,True,7.267,1,,0.075,0.01562,False
85,Star-50,39,True,7.606,1,,0.075,0.01562,False
86,Star-50,8,True,7.29,1,,0.075,0.01562,False
87,Star-50,29,True,8.087,1,,0.075,0.01562,False
88,Star-50,33,True,7.326,1,,0.075,0.01562,False
89,Star-50,26,True,7.724,1,,0.075,0.01562,False
90,Star-50,29,True,8.034,1,,0.075,0.01562,False
91,Star-50,30,True,7.622,1,,0.075,0.01562,False
92,Star-50,19,True,6.864,1,,0.075,0.01562,False
93,Star-50,42,True,7.742,1,,0.075,0.01562,False
94,Star-50,5,True,7.563,1,,0.075,0.01562,False
95,Star-50,28,True,7.498,1,,0.075,0.01562,False
96,Star-50,5,True,7.314,1,,0.075,0.01562,False
97,Star-50,41,True,7.201,1,,0.075,0.01562,False
98,Star-50,39,True,8.019,1,,0.075,0.01562,False
99,Star-50,27,True,6.94,1,,0.075,0.01562,False
100,Star-50,35,True,7.471,1,,0.075,0.01562,False
101,Star-50,2,True,7.383,1,,0.075,0.01562,False
102,Star-50,2,True,7.74,1,,0.075,0.01562,False
103,Star-50,15,True,7.593,1,,0.075,0.01562,False
104,Star-50,37,True,8.302,1,,0.075,0.01562,False
105,Star-50,39,True,7.302,1,,0.075,0.01562,False
106,Star-50,22,True,7.144,1,,0.075,0.01562,False
107,Star-50,25,True,7.368,1,,0.075,0.01562,False
108,Star-50,29,True,7.238,1,,0.075,0.01562,False
109,Star-50,13,True,7.72,1,,0.075,0.01562,False
110,Star-50,26,True,8.125,1,,0.075,0.01562,False
111,Star-50,34,True,8.046,1,,0.075,0.01562,False
112,Star-50,37,True,7.509,1,,0.075,0.01562,False
113,Star-50,4,True,8.02,1,,0.075,0.01562,False
114,Star-50,8,True,8.442,1,,0.075,0.01562,False
115,Star-50,23,True,7.358,1,,0.075,0.01562,False
116,Star-50,1,True,7.777,1,,0.075,0.01562,False
117,Star-50,46,True,7.87,1,,0.075,0.01562,False
118,Star-50,7,True,7.894,1,,0.075,0.01562,False
119,Star-50,29,True,7.448,1,,0.075,0.01562,False
120,Star-50,39,True,7.571,1,,0.075,0.01562,False
121,Star-50,5,True,8.292,1,,0.075,0.01562,False
122,Star-50,46,True,7.573,1,,0.075,0.01562,False
123,Star-50,11,True,7.537,1,,0.075,0.01562,False
124,Star-50,32,True,8.386,1,,0.075,0.01562,False
125,Star-50,45,True,7.68,1,,0.075,0.01562,False
126,Star-50,27,True,7.873,1,,0.075,0.01562,False
127,Star-50,34,True,7.224,1,,0.075,0.01562,False
128,Star-50,45,True,6.82,1,,0.075,0.01562,False
129,Star-50,23,True,7.475,1,,0.075,0.01562,False
130,Star-50,22,True,7.738,1,,0.075,0.01562,False
131,Star-50,39,True,7.301,1,,0.075,0.01562,False
132,Star-50,18,True,6.963,1,,0.075,0.01562,False
133,Star-50,21,True,8.301,1,,0.075,0.01562,False
134,Star-50,5,True,7.858,1,,0.075,0.01562,False
135,Star-50,5,True,8.275,1,,0.075,0.01562,False
136,Star-50,32,True,7.604,1,,0.075,0.01562,False
137,Star-50,46,True,7.344,1,,0.075,0.01562,False
138,Star-50,45,True,7.191,1,,0.075,0.01562,False
139,Star-50,7,True,7.642,1,,0.075,0.01562,False
140,Star-50,7,True,7.06,1,,0.075,0.01562,False
141,Star-50,31,True,7.896,1,,0.075,0.01562,False
142,Star-50,40,True,7.493,1,,0.075,0.01562,False
143,Star-50,38,True,7.465,1,,0.075,0.01562,False
144,Star-50,36,True,7.914,1,,0.075,0.01562,False
145,Star-50,30,True,8.027,1,,0.075,0.01562,False
146,Star-50,49,True,7.085,1,,0.075,0.01562,False
147,Star-50,14,True,7.65,1,,0.075,0.01562,False
148,Star-50,2,True,6.962,1,,0.075,0.01562,False
149,Star-50,19,True,7.439,1,,0.075,0.01562,False
150,Star-50,11,True,7.429,1,,0.075,0.01562,False
151,Star-50,40,True,8.203,1,,0.075,0.01562,False
152,Star-50,4,True,7.747,1,,0.075,0.01562,False
153,Star-50,21,True,6.714,1,,0.075,0.01562,False
154,Star-50,20,True,7.321,1,,0.075,0.01562,False
155,Star-50,18,True,8.278,1,,0.075,0.01562,False
156,Star-50,16,False,4.054,1,CHANNEL_DROP,0.075,0.01562,False
157,Star-50,39,True,7.949,1,,0.075,0.01562,False
158,Star-50,8,True,8.095,1,,0.075,0.01562,False
159,Star-50,27,True,6.893,1,,0.075,0.01562,False
160,Star-50,20,True,7.499,1,,0.075,0.01562,False
161,Star-50,13,True,7.054,1,,0.075,0.01562,False
162,Star-50,21,True,7.793,1,,0.075,0.01562,False
163,Star-50,12,True,7.456,1,,0.075,0.01562,False
164,Star-50,2,True,7.185,1,,0.075,0.01562,False
165,Star-50,48,True,8.547,1,,0.075,0.01562,False
166,Star-50,16,True,7.975,1,,0.075,0.01562,False
167,Star-50,28,True,7.609,1,,0.075,0.01562,False
168,Star-50,35,True,7.234,1,,0.075,0.01562,False
169,Star-50,35,True,7.628,1,,0.075,0.01562,False
170,Star-50,15,True,7.536,1,,0.075,0.01562,False
171,Star-50,10,True,7.491,1,,0.075,0.01562,False
172,Star-50,13,True,7.466,1,,0.075,0.01562,False
173,Star-50,35,True,8.025,1,,0.075,0.01562,False
174,Star-50,7,True,8.24,1,,0.075,0.01562,False
175,Star-50,17,True,7.47,1,,0.075,0.01562,False
176,Star-50,19,True,7.233,1,,0.075,0.01562,False
177,Star-50,40,True,7.604,1,,0.075,0.01562,False
178,Star-50,14,True,7.78,1,,0.075,0.01562,False
179,Star-50,49,True,8.041,1,,0.075,0.01562,False
180,Star-50,24,True,8.323,1,,0.075,0.01562,False
181,Star-50,1,True,7.901,1,,0.075,0.01562,False
182,Star-50,28,True,7.649,1,,0.075,0.01562,False
183,Star-50,31,True,7.447,1,,0.075,0.01562,False
184,Star-50,34,True,7.226,1,,0.075,0.01562,False
185,Star-50,18,True,8.043,1,,0.075,0.01562,False
186,Star-50,19,True,7.588,1,,0.075,0.01562,False
187,Star-50,28,True,7.447,1,,0.075,0.01562,False
188,Star-50,2,True,7.562,1,,0.075,0.01562,False
189,Star-50,2,True,7.518,1,,0.075,0.01562,False
190,Star-50,17,True,8.472,1,,0.075,0.01562,False
191,Star-50,14,True,7.577,1,,0.075,0.01562,False
192,Star-50,29,True,7.411,1,,0.075,0.01562,False
193,Star-50,47,True,7.981,1,,0.075,0.01562,False
194,Star-50,28,True,7.948,1,,0.075,0.01562,False
195,Star-50,17,True,7.607,1,,0.075,0.01562,False
196,Star-50,14,True,7.951,1,,0.075,0.01562,False
197,Star-50,37,True,7.545,1,,0.075,0.01562,False
198,Star-50,21,True,7.026,1,,0.075,0.01562,False
199,Star-50,46,True,7.859,1,,0.075,0.01562,False
200,Star-50,9,True,7.527,1,,0.075,0.01562,False
201,Star-50,36,True,7.659,1,,0.075,0.01562,False
202,Star-50,22,True,7.569,1,,0.075,0.01562,False
203,Star-50,22,True,8.001,1,,0.075,0.01562,False
204,Star-50,46,True,7.404,1,,0.075,0.01562,False
205,Star-50,20,True,8.15,1,,0.075,0.01562,False
206,Star-50,16,True,7.636,1,,0.075,0.01562,False
207,Star-50,36,True,7.783,1,,0.075,0.01562,False
208,Star-50,15,False,0.0,1,CHANNEL_DROP,0.075,0.01562,False
209,Star-50,6,True,7.119,1,,0.075,0.01562,False
210,Star-50,37,True,7.544,1,,0.075,0.01562,False
211,Star-50,14,False,0.0,1,CHANNEL_DROP,0.075,0.01562,False
212,Star-50,19,True,8.01,1,,0.075,0.01562,False
213,Star-50,46,True,7.425,1,,0.075,0.01562,False
214,Star-50,14,True,7.209,1,,0.075,0.01562,False
215,Star-50,28,True,7.533,1,,0.075,0.01562,False
216,Star-50,17,True,8.12,1,,0.075,0.01562,False
217,Star-50,16,True,7.288,1,,0.075,0.01562,False
218,Star-50,15,True,7.994,1,,0.075,0.01562,False
219,Star-50,48,True,7.173,1,,0.075,0.01562,False
220,Star-50,29,True,8.353,1,,0.075,0.01562,False
221,Star-50,12,True,8.433,1,,0.075,0.01562,False
222,Star-50,29,True,8.198,1,,0.075,0.01562,False
223,Star-50,36,True,7.47,1,,0.075,0.01562,False
224,Star-50,32,True,8.143,1,,0.075,0.01562,False
225,Star-50,42,True,7.22,1,,0.075,0.01562,False
226,Star-50,38,True,7.577,1,,0.075,0.01562,False
227,Star-50,2,True,7.85,1,,0.075,0.01562,False
228,Star-50,36,True,6.648,1,,0.075,0.01562,False
229,Star-50,31,True,7.4,1,,0.075,0.01562,False
230,Star-50,13,True,7.443,1,,0.075,0.01562,False
231,Star-50,42,True,7.448,1,,0.075,0.01562,False
232,Star-50,42,True,7.204,1,,0.075,0.01562,False
233,Star-50,27,True,7.199,1,,0.075,0.01562,False
234,Star-50,19,True,7.902,1,,0.075,0.01562,False
235,Star-50,22,True,7.976,1,,0.075,0.01562,False
236,Star-50,13,True,7.714,1,,0.075,0.01562,False
237,Star-50,41,True,8.377,1,,0.075,0.01562,False
238,Star-50,3,True,7.366,1,,0.075,0.01562,False
239,Star-50,5,True,7.835,1,,0.075,0.01562,False
240,Star-50,43,True,7.711,1,,0.075,0.01562,False
241,Star-50,39,True,7.506,1,,0.075,0.01562,False
242,Star-50,6,True,7.204,1,,0.075,0.01562,False
243,Star-50,48,True,7.814,1,,0.075,0.01562,False
244,Star-50,20,True,7.163,1,,0.075,0.01562,False
245,Star-50,42,True,7.008,1,,0.075,0.01562,False
246,Star-50,47,True,7.834,1,,0.075,0.01562,False
247,Star-50,25,True,7.488,1,,0.075,0.01562,False
248,Star-50,46,True,7.59,1,,0.075,0.01562,False
249,Star-50,2,True,7.383,1,,0.075,0.01562,False
250,Star-50,15,True,7.308,1,,0.075,0.01562,False
251,Star-50,32,False,3.586,1,CHANNEL_DROP,0.075,0.01562,False
252,Star-50,18,True,7.703,1,,0.075,0.01562,False
253,Star-50,10,True,7.53,1,,0.075,0.01562,False
254,Star-50,35,True,7.083,1,,0.075,0.01562,False
255,Star-50,16,True,7.645,1,,0.075,0.01562,False
256,Star-50,48,True,7.632,1,,0.075,0.01562,False
257,Star-50,9,False,0.0,1,CHANNEL_DROP,0.075,0.01562,False
258,Star-50,21,False,3.582,1,CHANNEL_DROP,0.075,0.01562,False
259,Star-50,48,True,7.55,1,,0.075,0.01562,False
260,Star-50,31,True,7.976,1,,0.075,0.01562,False
261,Star-50,48,True,7.665,1,,0.075,0.01562,False
262,Star-50,32,True,6.899,1,,0.075,0.01562,False
263,Star-50,24,False,3.974,1,CHANNEL_DROP,0.075,0.01562,False
264,Star-50,23,True,7.766,1,,0.075,0.01562,False
265,Star-50,21,True,7.301,1,,0.075,0.01562,False
266,Star-50,34,True,7.084,1,,0.075,0.01562,False
267,Star-50,36,True,7.564,1,,0.075,0.01562,False
268,Star-50,37,True,8.279,1,,0.075,0.01562,False
269,Star-50,11,True,7.515,1,,0.075,0.01562,False
270,Star-50,34,True,8.034,1,,0.075,0.01562,False
271,Star-50,49,True,7.669,1,,0.075,0.01562,False
272,Star-50,38,True,7.224,1,,0.075,0.01562,False
273,Star-50,46,True,8.293,1,,0.075,0.01562,False
274,Star-50,5,True,7.593,1,,0.075,0.01562,False
275,Star-50,39,True,6.876,1,,0.075,0.01562,False
276,Star-50,39,True,7.416,1,,0.075,0.01562,False
277,Star-50,49,True,7.542,1,,0.075,0.01562,False
278,Star-50,5,True,7.05,1,,0.075,0.01562,False
279,Star-50,6,True,7.085,1,,0.075,0.01562,False
280,Star-50,42,True,6.859,1,,0.075,0.01562,False
281,Star-50,15,True,6.669,1,,0.075,0.01562,False
282,Star-50,29,True,7.319,1,,0.075,0.01562,False
283,Star-50,48,True,7.982,1,,0.075,0.01562,False
284,Star-50,21,True,7.579,1,,0.075,0.01562,False
285,Star-50,20,True,8.045,1,,0.075,0.01562,False
286,Star-50,12,True,7.312,1,,0.075,0.01562,False
287,Star-50,39,True,7.437,1,,0.075,0.01562,False
288,Star-50,40,True,8.375,1,,0.075,0.01562,False
289,Star-50,45,True,8.198,1,,0.075,0.01562,False
290,Star-50,2,True,8.056,1,,0.075,0.01562,False
291,Star-50,34,True,7.56,1,,0.075,0.01562,False
292,Star-50,8,True,7.666,1,,0.075,0.01562,False
293,Star-50,10,True,8.161,1,,0.075,0.01562,False
294,Star-50,26,True,7.951,1,,0.075,0.01562,False
295,Star-50,25,True,6.901,1,,0.075,0.01562,False
296,Star-50,37,True,7.32,1,,0.075,0.01562,False
297,Star-50,37,True,8.185,1,,0.075,0.01562,False
298,Star-50,41,True,7.357,1,,0.075,0.01562,False
299,Star-50,4,True,7.718,1,,0.075,0.01562,False
300,Star-50,43,True,8.061,1,,0.075,0.01562,False
301,Star-50,48,True,8.344,1,,0.075,0.01562,False
302,Star-50,10,True,7.589,1,,0.075,0.01562,False
303,Star-50,3,True,8.399,1,,0.075,0.01562,False
304,Star-50,2,True,7.263,1,,0.075,0.01562,False
305,Star-50,2,True,6.817,1,,0.075,0.01562,False
306,Star-50,12,True,7.319,1,,0.075,0.01562,False
307,Star-50,31,True,8.534,1,,0.075,0.01562,False
308,Star-50,22,True,7.263,1,,0.075,0.01562,False
309,Star-50,33,True,7.577,1,,0.075,0.01562,False
310,Star-50,45,True,6.965,1,,0.075,0.01562,False
311,Star-50,23,True,7.227,1,,0.075,0.01562,False
312,Star-50,33,True,7.39,1,,0.075,0.01562,False
313,Star-50,45,True,7.814,1,,0.075,0.01562,False
314,Star-50,14,True,7.687,1,,0.075,0.01562,False
315,Star-50,9,True,6.721,1,,0.075,0.01562,False
316,Star-50,47,False,3.856,1,CHANNEL_DROP,0.075,0.01562,False
317,Star-50,18,True,7.636,1,,0.075,0.01562,False
318,Star-50,6,True,7.232,1,,0.075,0.01562,False
319,Star-50,22,True,8.316,1,,0.075,0.01562,False
320,Star-50,38,True,7.925,1,,0.075,0.01562,False
321,Star-50,46,True,7.662,1,,0.075,0.01562,False
322,Star-50,17,True,7.525,1,,0.075,0.01562,False
323,Star-50,20,True,8.043,1,,0.075,0.01562,False
324,Star-50,48,True,7.379,1,,0.075,0.01562,False
325,Star-50,47,True,7.265,1,,0.075,0.01562,False
326,Star-50,36,True,7.925,1,,0.075,0.01562,False
327,Star-50,34,True,7.394,1,,0.075,0.01562,False
328,Star-50,43,True,8.154,1,,0.075,0.01562,False
329,Star-50,43,True,7.311,1,,0.075,0.01562,False
330,Star-50,11,True,7.612,1,,0.075,0.01562,False
331,Star-50,14,True,7.872,1,,0.075,0.01562,False
332,Star-50,33,True,8.077,1,,0.075,0.01562,False
333,Star-50,28,True,7.028,1,,0.075,0.01562,False
334,Star-50,26,True,8.375,1,,0.075,0.01562,False
335,Star-50,47,True,7.26,1,,0.075,0.01562,False
336,Star-50,6,True,7.714,1,,0.075,0.01562,False
337,Star-50,23,True,7.468,1,,0.075,0.01562,False
338,Star-50,33,True,7.546,1,,0.075,0.01562,False
339,Star-50,18,True,7.577,1,,0.075,0.01562,False
340,Star-50,34,True,7.916,1,,0.075,0.01562,False
341,Star-50,21,True,8.229,1,,0.075,0.01562,False
342,Star-50,40,True,7.47,1,,0.075,0.01562,False
343,Star-50,23,True,7.313,1,,0.075,0.01562,False
344,Star-50,20,True,7.81,1,,0.075,0.01562,False
345,Star-50,16,True,7.174,1,,0.075,0.01562,False
346,Star-50,14,True,7.939,1,,0.075,0.01562,False
347,Star-50,26,True,8.174,1,,0.075,0.01562,False
348,Star-50,37,True,7.52,1,,0.075,0.01562,False
349,Star-50,9,True,7.574,1,,0.075,0.01562,False
350,Star-50,43,True,7.128,1,,0.075,0.01562,False
351,Star-50,41,True,6.903,1,,0.075,0.01562,False
352,Star-50,6,True,7.749,1,,0.075,0.01562,False
353,Star-50,14,False,3.6,1,CHANNEL_DROP,0.075,0.01562,False
354,Star-50,22,True,7.833,1,,0.075,0.01562,False
355,Star-50,34,True,8.515,1,,0.075,0.01562,False
356,Star-50,21,False,3.717,1,CHANNEL_DROP,0.075,0.01562,False
357,Star-50,16,True,8.383,1,,0.075,0.01562,False
358,Star-50,32,True,7.934,1,,0.075,0.01562,False
359,Star-50,45,True,7.485,1,,0.075,0.01562,False
360,Star-50,26,True,8.026,1,,0.075,0.01562,False
361,Star-50,7,True,7.735,1,,0.075,0.01562,False
362,Star-50,27,True,8.03,1,,0.075,0.01562,False
363,Star-50,24,True,7.652,1,,0.075,0.01562,False
364,Star-50,23,True,7.972,1,,0.075,0.01562,False
365,Star-50,43,False,3.546,1,CHANNEL_DROP,0.075,0.01562,False
366,Star-50,32,True,7.564,1,,0.075,0.01562,False
367,Star-50,11,True,7.624,1,,0.075,0.01562,False
368,Star-50,26,True,7.507,1,,0.075,0.01562,False
369,Star-50,29,True,7.857,1,,0.075,0.01562,False
370,Star-50,22,True,7.951,1,,0.075,0.01562,False
371,Star-50,7,True,7.035,1,,0.075,0.01562,False
372,Star-50,10,True,8.081,1,,0.075,0.01562,False
373,Star-50,39,True,7.368,1,,0.075,0.01562,False
374,Star-50,18,True,7.538,1,,0.075,0.01562,False
375,Star-50,34,True,7.208,1,,0.075,0.01562,False
376,Star-50,29,True,7.877,1,,0.075,0.01562,False
377,Star-50,31,False,0.0,1,CHANNEL_DROP,0.075,0.01562,False
378,Star-50,21,True,7.921,1,,0.075,0.01562,False
379,Star-50,41,True,7.36,1,,0.075,0.01562,False
380,Star-50,43,True,7.5,1,,0.075,0.01562,False
381,Star-50,10,True,8.043,1,,0.075,0.01562,False
382,Star-50,4,True,7.845,1,,0.075,0.01562,False
383,Star-50,8,True,7.085,1,,0.075,0.01562,False
384,Star-50,4,True,7.353,1,,0.075,0.01562,False
385,Star-50,30,True,7.79,1,,0.075,0.01562,False
386,Star-50,16,True,8.113,1,,0.075,0.01562,False
387,Star-50,31,True,7.914,1,,0.075,0.01562,False
388,Star-50,22,True,7.352,1,,0.075,0.01562,False
389,Star-50,47,True,7.238,1,,0.075,0.01562,False
390,Star-50,42,True,6.966,1,,0.075,0.01562,False
391,Star-50,10,True,7.584,1,,0.075,0.01562,False
392,Star-50,44,True,7.872,1,,0.075,0.01562,False
393,Star-50,39,True,7.186,1,,0.075,0.01562,False
394,Star-50,27,True,7.286,1,,0.075,0.01562,False
395,Star-50,17,True,6.885,1,,0.075,0.01562,False
396,Star-50,14,True,7.557,1,,0.075,0.01562,False
397,Star-50,1,True,7.872,1,,0.075,0.01562,False
398,Star-50,29,True,7.189,1,,0.075,0.01562,False
399,Star-50,38,True,7.655,1,,0.075,0.01562,False
400,Star-50,19,True,7.289,1,,0.075,0.01562,False
401,Star-50,3,True,7.19,1,,0.075,0.01562,False
402,Star-50,26,True,7.886,1,,0.075,0.01562,False
403,Star-50,7,False,0.0,1,CHANNEL_DROP,0.075,0.01562,False
404,Star-50,30,True,7.317,1,,0.075,0.01562,False
405,Star-50,7,True,7.208,1,,0.075,0.01562,False
406,Star-50,42,True,7.334,1,,0.075,0.01562,False
407,Star-50,12,True,7.31,1,,0.075,0.01562,False
408,Star-50,46,True,8.16,1,,0.075,0.01562,False
409,Star-50,16,True,7.795,1,,0.075,0.01562,False
410,Star-50,26,True,7.381,1,,0.075,0.01562,False
411,Star-50,16,True,7.801,1,,0.075,0.01562,False
412,Star-50,27,True,7.192,1,,0.075,0.01562,False
413,Star-50,14,True,7.486,1,,0.075,0.01562,False
414,Star-50,7,True,7.402,1,,0.075,0.01562,False
415,Star-50,39,True,8.093,1,,0.075,0.01562,False
416,Star-50,40,True,7.23,1,,0.075,0.01562,False
417,Star-50,31,True,8.096,1,,0.075,0.01562,False
418,Star-50,5,True,7.064,1,,0.075,0.01562,False
419,Star-50,43,False,0.0,1,CHANNEL_DROP,0.075,0.01562,False
420,Star-50,4,True,7.638,1,,0.075,0.01562,False
421,Star-50,41,True,7.355,1,,0.075,0.01562,False
422,Star-50,2,True,8.523,1,,0.075,0.01562,False
423,Star-50,43,True,8.088,1,,0.075,0.01562,False
424,Star-50,17,True,7.906,1,,0.075,0.01562,False
425,Star-50,49,True,7.118,1,,0.075,0.01562,False
426,Star-50,9,True,7.723,1,,0.075,0.01562,False
427,Star-50,17,True,7.571,1,,0.075,0.01562,False
428,Star-50,6,True,7.732,1,,0.075,0.01562,False
429,Star-50,10,True,7.804,1,,0.075,0.01562,False
430,Star-50,49,True,7.681,1,,0.075,0.01562,False
431,Star-50,25,True,7.987,1,,0.075,0.01562,False
432,Star-50,21,True,7.622,1,,0.075,0.01562,False
433,Star-50,45,True,7.793,1,,0.075,0.01562,False
434,Star-50,14,True,7.068,1,,0.075,0.01562,False
435,Star-50,22,True,7.45,1,,0.075,0.01562,False
436,Star-50,7,True,7.539,1,,0.075,0.01562,False
437,Star-50,33,True,6.979,1,,0.075,0.01562,False
438,Star-50,32,True,7.026,1,,0.075,0.01562,False
439,Star-50,5,True,7.446,1,,0.075,0.01562,False
440,Star-50,4,True,7.253,1,,0.075,0.01562,False
441,Star-50,25,False,0.0,1,CHANNEL_DROP,0.075,0.01562,False
442,Star-50,1,True,7.77,1,,0.075,0.01562,False
443,Star-50,31,True,7.834,1,,0.075,0.01562,False
444,Star-50,31,True,8.036,1,,0.075,0.01562,False
445,Star-50,10,True,7.627,1,,0.075,0.01562,False
446,Star-50,45,True,7.33,1,,0.075,0.01562,False
447,Star-50,10,True,7.54,1,,0.075,0.01562,False
448,Star-50,4,True,7.277,1,,0.075,0.01562,False
449,Star-50,3,True,8.272,1,,0.075,0.01562,False
450,Star-50,42,True,7.468,1,,0.075,0.01562,False
451,Star-50,7,True,7.401,1,,0.075,0.01562,False
452,Star-50,44,False,3.909,1,CHANNEL_DROP,0.075,0.01562,False
453,Star-50,17,True,7.888,1,,0.075,0.01562,False
454,Star-50,49,True,6.952,1,,0.075,0.01562,False
455,Star-50,43,True,7.988,1,,0.075,0.01562,False
456,Star-50,8,True,7.911,1,,0.075,0.01562,False
457,Star-50,13,True,7.609,1,,0.075,0.01562,False
458,Star-50,1,True,7.697,1,,0.075,0.01562,False
459,Star-50,5,True,7.376,1,,0.075,0.01562,False
460,Star-50,22,False,3.702,1,CHANNEL_DROP,0.075,0.01562,False
461,Star-50,12,True,7.196,1,,0.075,0.01562,False
462,Star-50,46,True,6.977,1,,0.075,0.01562,False
463,Star-50,39,True,7.603,1,,0.075,0.01562,False
464,Star-50,33,True,7.431,1,,0.075,0.01562,False
465,Star-50,1,True,7.375,1,,0.075,0.01562,False
466,Star-50,6,True,7.512,1,,0.075,0.01562,False
467,Star-50,45,True,7.457,1,,0.075,0.01562,False
468,Star-50,20,True,8.319,1,,0.075,0.01562,False
469,Star-50,16,True,8.123,1,,0.075,0.01562,False
470,Star-50,38,False,3.866,1,CHANNEL_DROP,0.075,0.01562,False
471,Star-50,15,True,7.458,1,,0.075,0.01562,False
472,Star-50,32,True,7.119,1,,0.075,0.01562,False
473,Star-50,27,True,7.811,1,,0.075,0.01562,False
474,Star-50,9,True,7.863,1,,0.075,0.01562,False
475,Star-50,26,True,8.04,1,,0.075,0.01562,False
476,Star-50,38,True,7.098,1,,0.075,0.01562,False
477,Star-50,49,True,7.829,1,,0.075,0.01562,False
478,Star-50,43,True,6.885,1,,0.075,0.01562,False
479,Star-50,21,True,7.843,1,,0.075,0.01562,False
480,Star-50,46,True,8.078,1,,0.075,0.01562,False
481,Star-50,41,True,7.586,1,,0.075,0.01562,False
482,Star-50,17,True,7.745,1,,0.075,0.01562,False
483,Star-50,22,True,7.848,1,,0.075,0.01562,False
484,Star-50,22,True,7.497,1,,0.075,0.01562,False
485,Star-50,3,True,8.026,1,,0.075,0.01562,False
486,Star-50,14,True,7.528,1,,0.075,0.01562,False
487,Star-50,22,True,7.357,1,,0.075,0.01562,False
488,Star-50,38,True,7.85,1,,0.075,0.01562,False
489,Star-50,31,True,7.201,1,,0.075,0.01562,False
490,Star-50,37,True,7.197,1,,0.075,0.01562,False
491,Star-50,48,True,7.507,1,,0.075,0.01562,False
492,Star-50,30,True,7.283,1,,0.075,0.01562,False
493,Star-50,22,True,7.792,1,,0.075,0.01562,False
494,Star-50,1,True,7.386,1,,0.075,0.01562,False
495,Star-50,23,True,7.335,1,,0.075,0.01562,False
496,Star-50,47,True,8.24,1,,0.075,0.01562,False
497,Star-50,27,True,7.901,1,,0.075,0.01562,False
498,Star-50,31,True,7.808,1,,0.075,0.01562,False
499,Star-50,30,True,7.629,1,,0.075,0.01562,False
500,Star-50,37,True,7.648,1,,0.075,0.01562,False
1,Mesh-100,60,True,27.741,6,,0.45,0.05469,False
2,Mesh-100,5,True,23.015,5,,0.375,0.04688,False
3,Mesh-100,33,True,26.609,6,,0.45,0.05469,False
4,Mesh-100,25,True,29.826,7,,0.525,0.0625,False
5,Mesh-100,69,True,60.081,15,,1.125,0.125,False
6,Mesh-100,16,True,31.669,7,,0.525,0.0625,False
7,Mesh-100,62,False,29.887,8,CHANNEL_DROP,0.6,0.07031,False
8,Mesh-100,25,False,7.613,7,CHANNEL_DROP,0.225,0.0625,False
9,Mesh-100,11,True,11.356,2,,0.15,0.02344,False
10,Mesh-100,19,True,41.19,10,,0.75,0.08594,False
11,Mesh-100,52,True,30.339,7,,0.525,0.0625,False
12,Mesh-100,64,True,39.145,10,,0.75,0.08594,False
13,Mesh-100,73,True,42.489,10,,0.75,0.08594,False
14,Mesh-100,44,True,36.372,8,,0.6,0.07031,False
15,Mesh-100,59,True,57.512,14,,1.05,0.11719,False
16,Mesh-100,81,True,39.327,9,,0.675,0.07812,False
17,Mesh-100,35,False,19.331,8,CHANNEL_DROP,0.45,0.07031,False
18,Mesh-100,9,True,36.908,9,,0.675,0.07812,False
19,Mesh-100,81,True,37.996,9,,0.675,0.07812,False
20,Mesh-100,79,True,63.639,16,,1.2,0.13281,False
21,Mesh-100,5,True,23.639,5,,0.375,0.04688,False
22,Mesh-100,41,True,22.939,5,,0.375,0.04688,False
23,Mesh-100,47,True,45.739,11,,0.825,0.09375,False
24,Mesh-100,3,True,14.5,3,,0.225,0.03125,False
25,Mesh-100,40,True,18.136,4,,0.3,0.03906,False
26,Mesh-100,31,True,18.675,4,,0.3,0.03906,False
27,Mesh-100,46,True,42.033,10,,0.75,0.08594,False
28,Mesh-100,63,True,37.719,9,,0.675,0.07812,False
29,Mesh-100,46,True,40.931,10,,0.75,0.08594,False
30,Mesh-100,1,True,7.829,1,,0.075,0.01562,False
31,Mesh-100,8,True,34.653,8,,0.6,0.07031,False
32,Mesh-100,37,True,40.528,10,,0.75,0.08594,False
33,Mesh-100,68,False,26.502,14,CHANNEL_DROP,0.6,0.11719,False
34,Mesh-100,20,False,3.457,2,CHANNEL_DROP,0.15,0.02344,False
35,Mesh-100,82,True,43.3,10,,0.75,0.08594,False
36,Mesh-100,14,True,23.527,5,,0.375,0.04688,False
37,Mesh-100,54,True,37.697,9,,0.675,0.07812,False
38,Mesh-100,3,True,15.825,3,,0.225,0.03125,False
39,Mesh-100,91,False,4.095,10,CHANNEL_DROP,0.15,0.08594,False
40,Mesh-100,26,True,32.704,8,,0.6,0.07031,False
41,Mesh-100,8,True,33.558,8,,0.6,0.07031,False
42,Mesh-100,99,True,70.433,18,,1.35,0.14844,False
43,Mesh-100,96,True,60.138,15,,1.125,0.125,False
44,Mesh-100,61,True,29.13,7,,0.525,0.0625,False
45,Mesh-100,60,True,26.003,6,,0.45,0.05469,False
46,Mesh-100,16,True,30.643,7,,0.525,0.0625,False
47,Mesh-100,49,True,51.801,13,,0.975,0.10938,False
48,Mesh-100,40,True,18.531,4,,0.3,0.03906,False
49,Mesh-100,65,True,45.571,11,,0.825,0.09375,False
50,Mesh-100,68,False,23.137,14,CHANNEL_DROP,0.525,0.11719,False
51,Mesh-100,50,False,0.0,5,CHANNEL_DROP,0.075,0.04688,False
52,Mesh-100,22,True,19.819,4,,0.3,0.03906,False
53,Mesh-100,5,True,23.665,5,,0.375,0.04688,False
54,Mesh-100,38,True,46.07,11,,0.825,0.09375,False
55,Mesh-100,62,True,33.992,8,,0.6,0.07031,False
56,Mesh-100,37,True,41.2,10,,0.75,0.08594,False
57,Mesh-100,1,True,8.052,1,,0.075,0.01562,False
58,Mesh-100,75,True,50.088,12,,0.9,0.10156,False
59,Mesh-100,43,True,30.296,7,,0.525,0.0625,False
60,Mesh-100,50,False,3.333,5,CHANNEL_DROP,0.15,0.04688,False
61,Mesh-100,47,True,44.564,11,,0.825,0.09375,False
62,Mesh-100,83,False,42.43,11,CHANNEL_DROP,0.825,0.09375,False
63,Mesh-100,86,True,56.171,14,,1.05,0.11719,False
64,Mesh-100,91,True,41.352,10,,0.75,0.08594,False
65,Mesh-100,68,False,48.801,14,CHANNEL_DROP,1.05,0.11719,False
66,Mesh-100,32,True,23.047,5,,0.375,0.04688,False
67,Mesh-100,59,True,56.696,14,,1.05,0.11719,False
68,Mesh-100,4,True,19.141,4,,0.3,0.03906,False
69,Mesh-100,99,False,20.208,18,CHANNEL_DROP,0.45,0.14844,False
70,Mesh-100,94,True,52.63,13,,0.975,0.10938,False
71,Mesh-100,45,True,37.623,9,,0.675,0.07812,False
72,Mesh-100,72,False,7.481,9,CHANNEL_DROP,0.225,0.07812,False
73,Mesh-100,6,True,27.107,6,,0.45,0.05469,False
74,Mesh-100,15,False,22.929,6,CHANNEL_DROP,0.45,0.05469,False
75,Mesh-100,18,False,0.0,9,CHANNEL_DROP,0.075,0.07812,False
76,Mesh-100,79,False,58.586,16,CHANNEL_DROP,1.2,0.13281,False
77,Mesh-100,58,True,53.27,13,,0.975,0.10938,False
78,Mesh-100,72,False,3.976,9,CHANNEL_DROP,0.15,0.07812,False
79,Mesh-100,27,True,37.115,9,,0.675,0.07812,False
80,Mesh-100,89,False,10.317,17,CHANNEL_DROP,0.3,0.14062,False
81,Mesh-100,79,True,65.16,16,,1.2,0.13281,False
82,Mesh-100,14,True,23.273,5,,0.375,0.04688,False
83,Mesh-100,11,False,7.846,2,CHANNEL_DROP,0.15,0.02344,False
84,Mesh-100,46,True,43.047,10,,0.75,0.08594,False
85,Mesh-100,42,False,22.186,6,CHANNEL_DROP,0.45,0.05469,False
86,Mesh-100,40,True,18.814,4,,0.3,0.03906,False
87,Mesh-100,46,False,27.414,10,CHANNEL_DROP,0.6,0.08594,False
88,Mesh-100,66,True,48.612,12,,0.9,0.10156,False
89,Mesh-100,7,True,31.414,7,,0.525,0.0625,False
90,Mesh-100,70,False,15.173,7,CHANNEL_DROP,0.375,0.0625,False
91,Mesh-100,1,True,7.679,1,,0.075,0.01562,False
92,Mesh-100,79,True,65.99,16,,1.2,0.13281,False
93,Mesh-100,81,True,38.556,9,,0.675,0.07812,False
94,Mesh-100,40,True,19.495,4,,0.3,0.03906,False
95,Mesh-100,13,True,18.82,4,,0.3,0.03906,False
96,Mesh-100,25,True,30.63,7,,0.525,0.0625,False
97,Mesh-100,88,True,63.496,16,,1.2,0.13281,False
98,Mesh-100,47,True,46.709,11,,0.825,0.09375,False
99,Mesh-100,47,False,26.88,11,CHANNEL_DROP,0.6,0.09375,False
100,Mesh-100,64,True,40.565,10,,0.75,0.08594,False
101,Mesh-100,55,True,41.171,10,,0.75,0.08594,False
102,Mesh-100,40,True,19.022,4,,0.3,0.03906,False
103,Mesh-100,88,True,63.594,16,,1.2,0.13281,False
104,Mesh-100,25,True,30.229,7,,0.525,0.0625,False
105,Mesh-100,35,True,35.022,8,,0.6,0.07031,False
106,Mesh-100,71,True,33.284,8,,0.6,0.07031,False
107,Mesh-100,67,True,53.615,13,,0.975,0.10938,False
108,Mesh-100,48,False,36.967,12,CHANNEL_DROP,0.825,0.10156,False
109,Mesh-100,57,False,0.0,12,CHANNEL_DROP,0.075,0.10156,False
110,Mesh-100,90,True,36.707,9,,0.675,0.07812,False
111,Mesh-100,90,True,37.972,9,,0.675,0.07812,False
112,Mesh-100,21,True,15.067,3,,0.225,0.03125,False
113,Mesh-100,61,True,31.669,7,,0.525,0.0625,False
114,Mesh-100,22,True,18.562,4,,0.3,0.03906,False
115,Mesh-100,93,True,48.904,12,,0.9,0.10156,False
116,Mesh-100,99,True,73.154,18,,1.35,0.14844,False
117,Mesh-100,69,True,59.955,15,,1.125,0.125,False
118,Mesh-100,70,True,30.499,7,,0.525,0.0625,False
119,Mesh-100,40,True,19.258,4,,0.3,0.03906,False
120,Mesh-100,24,True,27.025,6,,0.45,0.05469,False
121,Mesh-100,67,False,22.617,13,CHANNEL_DROP,0.525,0.10938,False
122,Mesh-100,79,True,63.559,16,,1.2,0.13281,False
123,Mesh-100,91,True,40.61,10,,0.75,0.08594,False
124,Mesh-100,84,True,50.079,12,,0.9,0.10156,False
125,Mesh-100,66,True,48.023,12,,0.9,0.10156,False
126,Mesh-100,69,True,61.441,15,,1.125,0.125,False
127,Mesh-100,44,False,10.666,8,CHANNEL_DROP,0.3,0.07031,False
128,Mesh-100,62,True,34.757,8,,0.6,0.07031,False
129,Mesh-100,23,True,22.926,5,,0.375,0.04688,False
130,Mesh-100,28,True,41.518,10,,0.75,0.08594,False
131,Mesh-100,75,True,48.601,12,,0.9,0.10156,False
132,Mesh-100,86,True,55.306,14,,1.05,0.11719,False
133,Mesh-100,92,True,45.038,11,,0.825,0.09375,False
134,Mesh-100,26,True,34.864,8,,0.6,0.07031,False
135,Mesh-100,44,True,35.341,8,,0.6,0.07031,False
136,Mesh-100,21,True,16.055,3,,0.225,0.03125,False
137,Mesh-100,68,True,54.954,14,,1.05,0.11719,False
138,Mesh-100,31,False,12.566,4,CHANNEL_DROP,0.3,0.03906,False
139,Mesh-100,90,True,38.256,9,,0.675,0.07812,False
140,Mesh-100,62,True,34.184,8,,0.6,0.07031,False
141,Mesh-100,47,True,45.155,11,,0.825,0.09375,False
142,Mesh-100,21,True,15.178,3,,0.225,0.03125,False
143,Mesh-100,47,True,45.91,11,,0.825,0.09375,False
144,Mesh-100,62,True,33.825,8,,0.6,0.07031,False
145,Mesh-100,34,True,28.775,7,,0.525,0.0625,False
146,Mesh-100,49,True,54.761,13,,0.975,0.10938,False
147,Mesh-100,77,True,55.109,14,,1.05,0.11719,False
148,Mesh-100,89,False,10.864,17,CHANNEL_DROP,0.3,0.14062,False
149,Mesh-100,74,True,46.956,11,,0.825,0.09375,False
150,Mesh-100,27,True,37.088,9,,0.675,0.07812,False
151,Mesh-100,63,True,36.91,9,,0.675,0.07812,False
152,Mesh-100,28,True,40.64,10,,0.75,0.08594,False
153,Mesh-100,32,True,23.404,5,,0.375,0.04688,False
154,Mesh-100,35,True,33.898,8,,0.6,0.07031,False
155,Mesh-100,76,True,52.231,13,,0.975,0.10938,False
156,Mesh-100,53,True,33.933,8,,0.6,0.07031,False
157,Mesh-100,85,False,38.204,13,CHANNEL_DROP,0.825,0.10938,False
158,Mesh-100,2,True,12.727,2,,0.15,0.02344,False
159,Mesh-100,83,False,40.683,11,CHANNEL_DROP,0.825,0.09375,False
160,Mesh-100,72,True,37.015,9,,0.675,0.07812,False
161,Mesh-100,32,True,23.841,5,,0.375,0.04688,False
162,Mesh-100,85,True,52.541,13,,0.975,0.10938,False
163,Mesh-100,54,True,37.541,9,,0.675,0.07812,False
164,Mesh-100,70,True,30.048,7,,0.525,0.0625,False
165,Mesh-100,32,True,23.998,5,,0.375,0.04688,False
166,Mesh-100,79,False,34.445,16,CHANNEL_DROP,0.75,0.13281,False
167,Mesh-100,2,True,12.568,2,,0.15,0.02344,False
168,Mesh-100,3,True,16.219,3,,0.225,0.03125,False
169,Mesh-100,91,True,42.42,10,,0.75,0.08594,False
170,Mesh-100,8,True,33.29,8,,0.6,0.07031,False
171,Mesh-100,6,True,26.411,6,,0.45,0.05469,False
172,Mesh-100,22,True,19.642,4,,0.3,0.03906,False
173,Mesh-100,98,True,67.353,17,,1.275,0.14062,False
174,Mesh-100,29,True,43.812,11,,0.825,0.09375,False
175,Mesh-100,81,True,37.713,9,,0.675,0.07812,False
176,Mesh-100,54,False,3.686,9,CHANNEL_DROP,0.15,0.07812,False
177,Mesh-100,84,True,49.215,12,,0.9,0.10156,False
178,Mesh-100,72,True,38.612,9,,0.675,0.07812,False
179,Mesh-100,11,True,11.516,2,,0.15,0.02344,False
180,Mesh-100,95,True,56.179,14,,1.05,0.11719,False
181,Mesh-100,87,False,37.184,15,CHANNEL_DROP,0.825,0.125,False
182,Mesh-100,19,True,42.658,10,,0.75,0.08594,False
183,Mesh-100,13,False,3.333,4,CHANNEL_DROP,0.15,0.03906,False
184,Mesh-100,71,True,34.657,8,,0.6,0.07031,False
185,Mesh-100,36,True,38.939,9,,0.675,0.07812,False
186,Mesh-100,74,True,46.055,11,,0.825,0.09375,False
187,Mesh-100,76,True,53.014,13,,0.975,0.10938,False
188,Mesh-100,52,True,29.764,7,,0.525,0.0625,False
189,Mesh-100,39,True,47.873,12,,0.9,0.10156,False
190,Mesh-100,6,False,19.272,6,CHANNEL_DROP,0.45,0.05469,False
191,Mesh-100,29,False,3.616,11,CHANNEL_DROP,0.15,0.09375,False
192,Mesh-100,4,True,17.463,4,,0.3,0.03906,False
193,Mesh-100,46,True,41.041,10,,0.75,0.08594,False
194,Mesh-100,74,True,46.318,11,,0.825,0.09375,False
195,Mesh-100,76,True,53.639,13,,0.975,0.10938,False
196,Mesh-100,24,True,27.662,6,,0.45,0.05469,False
197,Mesh-100,71,True,34.949,8,,0.6,0.07031,False
198,Mesh-100,75,True,48.92,12,,0.9,0.10156,False
199,Mesh-100,28,True,43.033,10,,0.75,0.08594,False
200,Mesh-100,34,True,30.944,7,,0.525,0.0625,False
201,Mesh-100,88,True,64.732,16,,1.2,0.13281,False
202,Mesh-100,38,False,7.558,11,CHANNEL_DROP,0.225,0.09375,False
203,Mesh-100,88,True,65.755,16,,1.2,0.13281,False
204,Mesh-100,42,True,25.917,6,,0.45,0.05469,False
205,Mesh-100,14,True,22.499,5,,0.375,0.04688,False
206,Mesh-100,53,False,0.0,8,CHANNEL_DROP,0.075,0.07031,False
207,Mesh-100,79,True,64.566,16,,1.2,0.13281,False
208,Mesh-100,39,True,49.059,12,,0.9,0.10156,False
209,Mesh-100,47,True,46.138,11,,0.825,0.09375,False
210,Mesh-100,24,True,26.067,6,,0.45,0.05469,False
211,Mesh-100,91,True,40.242,10,,0.75,0.08594,False
212,Mesh-100,85,True,51.298,13,,0.975,0.10938,False
213,Mesh-100,32,True,21.823,5,,0.375,0.04688,False
214,Mesh-100,39,True,49.744,12,,0.9,0.10156,False
215,Mesh-100,75,False,18.943,12,CHANNEL_DROP,0.45,0.10156,False
216,Mesh-100,58,False,23.115,13,CHANNEL_DROP,0.525,0.10938,False
217,Mesh-100,3,True,15.029,3,,0.225,0.03125,False
218,Mesh-100,92,True,46.79,11,,0.825,0.09375,False
219,Mesh-100,93,True,49.177,12,,0.9,0.10156,False
220,Mesh-100,56,True,47.274,11,,0.825,0.09375,False
221,Mesh-100,91,True,41.719,10,,0.75,0.08594,False
222,Mesh-100,40,True,19.915,4,,0.3,0.03906,False
223,Mesh-100,23,True,21.687,5,,0.375,0.04688,False
224,Mesh-100,79,False,41.462,16,CHANNEL_DROP,0.9,0.13281,False
225,Mesh-100,81,True,37.501,9,,0.675,0.07812,False
226,Mesh-100,24,True,25.526,6,,0.45,0.05469,False
227,Mesh-100,47,False,30.385,11,CHANNEL_DROP,0.675,0.09375,False
228,Mesh-100,76,True,53.729,13,,0.975,0.10938,False
229,Mesh-100,63,True,39.543,9,,0.675,0.07812,False
230,Mesh-100,31,True,19.171,4,,0.3,0.03906,False
231,Mesh-100,77,True,56.749,14,,1.05,0.11719,False
232,Mesh-100,90,False,15.288,9,CHANNEL_DROP,0.375,0.07812,False
233,Mesh-100,50,True,22.498,5,,0.375,0.04688,False
234,Mesh-100,56,True,45.857,11,,0.825,0.09375,False
235,Mesh-100,9,True,37.251,9,,0.675,0.07812,False
236,Mesh-100,34,True,31.588,7,,0.525,0.0625,False
237,Mesh-100,60,True,26.467,6,,0.45,0.05469,False
238,Mesh-100,52,True,31.777,7,,0.525,0.0625,False
239,Mesh-100,58,False,0.0,13,CHANNEL_DROP,0.075,0.10938,False
240,Mesh-100,89,True,67.95,17,,1.275,0.14062,False
241,Mesh-100,25,True,29.766,7,,0.525,0.0625,False
242,Mesh-100,35,False,23.241,8,CHANNEL_DROP,0.525,0.07031,False
243,Mesh-100,92,True,46.267,11,,0.825,0.09375,False
244,Mesh-100,77,True,55.778,14,,1.05,0.11719,False
245,Mesh-100,5,True,24.077,5,,0.375,0.04688,False
246,Mesh-100,27,True,38.351,9,,0.675,0.07812,False
247,Mesh-100,13,True,19.672,4,,0.3,0.03906,False
248,Mesh-100,76,True,54.014,13,,0.975,0.10938,False
249,Mesh-100,57,True,47.945,12,,0.9,0.10156,False
250,Mesh-100,17,False,15.248,8,CHANNEL_DROP,0.375,0.07031,False
251,Mesh-100,8,True,35.22,8,,0.6,0.07031,False
252,Mesh-100,16,True,31.174,7,,0.525,0.0625,False
253,Mesh-100,51,True,26.831,6,,0.45,0.05469,False
254,Mesh-100,31,True,19.629,4,,0.3,0.03906,False
255,Mesh-100,85,True,53.021,13,,0.975,0.10938,False
256,Mesh-100,29,True,45.118,11,,0.825,0.09375,False
257,Mesh-100,21,True,14.246,3,,0.225,0.03125,False
258,Mesh-100,32,True,23.097,5,,0.375,0.04688,False
259,Mesh-100,28,False,21.828,10,CHANNEL_DROP,0.525,0.08594,False
260,Mesh-100,30,True,14.67,3,,0.225,0.03125,False
261,Mesh-100,53,True,34.437,8,,0.6,0.07031,False
262,Mesh-100,79,False,34.309,16,CHANNEL_DROP,0.75,0.13281,False
263,Mesh-100,20,True,11.269,2,,0.15,0.02344,False
264,Mesh-100,49,True,52.879,13,,0.975,0.10938,False
265,Mesh-100,9,True,39.64,9,,0.675,0.07812,False
266,Mesh-100,59,False,3.862,14,CHANNEL_DROP,0.15,0.11719,False
267,Mesh-100,46,True,41.433,10,,0.75,0.08594,False
268,Mesh-100,88,True,64.354,16,,1.2,0.13281,False
269,Mesh-100,7,True,29.778,7,,0.525,0.0625,False
270,Mesh-100,84,False,15.616,12,CHANNEL_DROP,0.375,0.10156,False
271,Mesh-100,24,False,19.314,6,CHANNEL_DROP,0.45,0.05469,False
272,Mesh-100,62,True,33.388,8,,0.6,0.07031,False
273,Mesh-100,20,True,10.676,2,,0.15,0.02344,False
274,Mesh-100,53,True,32.072,8,,0.6,0.07031,False
275,Mesh-100,81,True,39.88,9,,0.675,0.07812,False
276,Mesh-100,50,False,19.89,5,CHANNEL_DROP,0.375,0.04688,False
277,Mesh-100,48,True,48.443,12,,0.9,0.10156,False
278,Mesh-100,84,False,37.582,12,CHANNEL_DROP,0.825,0.10156,False
279,Mesh-100,70,True,29.178,7,,0.525,0.0625,False
280,Mesh-100,80,True,34.418,8,,0.6,0.07031,False
281,Mesh-100,95,True,57.611,14,,1.05,0.11719,False
282,Mesh-100,20,True,11.739,2,,0.15,0.02344,False
283,Mesh-100,49,False,6.787,13,CHANNEL_DROP,0.225,0.10938,False
284,Mesh-100,69,False,33.715,15,CHANNEL_DROP,0.75,0.125,False
285,Mesh-100,16,True,30.261,7,,0.525,0.0625,False
286,Mesh-100,86,True,57.359,14,,1.05,0.11719,False
287,Mesh-100,15,True,28.143,6,,0.45,0.05469,False
288,Mesh-100,94,True,51.915,13,,0.975,0.10938,False
289,Mesh-100,28,True,41.001,10,,0.75,0.08594,False
290,Mesh-100,87,True,60.894,15,,1.125,0.125,False
291,Mesh-100,17,False,11.487,8,CHANNEL_DROP,0.3,0.07031,False
292,Mesh-100,32,True,23.17,5,,0.375,0.04688,False
293,Mesh-100,73,True,42.173,10,,0.75,0.08594,False
294,Mesh-100,48,True,49.309,12,,0.9,0.10156,False
295,Mesh-100,96,True,59.6,15,,1.125,0.125,False
296,Mesh-100,51,True,26.333,6,,0.45,0.05469,False
297,Mesh-100,16,False,14.67,7,CHANNEL_DROP,0.375,0.0625,False
298,Mesh-100,11,True,10.484,2,,0.15,0.02344,False
299,Mesh-100,80,True,33.861,8,,0.6,0.07031,False
300,Mesh-100,98,False,4.04,17,CHANNEL_DROP,0.15,0.14062,False
301,Mesh-100,22,True,18.096,4,,0.3,0.03906,False
302,Mesh-100,94,True,51.72,13,,0.975,0.10938,False
303,Mesh-100,75,True,49.653,12,,0.9,0.10156,False
304,Mesh-100,6,True,26.502,6,,0.45,0.05469,False
305,Mesh-100,77,True,58.051,14,,1.05,0.11719,False
306,Mesh-100,2,True,10.956,2,,0.15,0.02344,False
307,Mesh-100,51,False,7.462,6,CHANNEL_DROP,0.225,0.05469,False
308,Mesh-100,18,True,38.503,9,,0.675,0.07812,False
309,Mesh-100,55,True,43.067,10,,0.75,0.08594,False
310,Mesh-100,77,True,56.944,14,,1.05,0.11719,False
311,Mesh-100,49,True,55.331,13,,0.975,0.10938,False
312,Mesh-100,60,True,26.534,6,,0.45,0.05469,False
313,Mesh-100,52,False,14.635,7,CHANNEL_DROP,0.375,0.0625,False
314,Mesh-100,42,True,26.161,6,,0.45,0.05469,False
315,Mesh-100,5,True,23.416,5,,0.375,0.04688,False
316,Mesh-100,40,True,19.322,4,,0.3,0.03906,False
317,Mesh-100,4,True,19.519,4,,0.3,0.03906,False
318,Mesh-100,60,True,27.979,6,,0.45,0.05469,False
319,Mesh-100,84,False,46.394,12,CHANNEL_DROP,0.9,0.10156,False
320,Mesh-100,69,True,59.379,15,,1.125,0.125,False
321,Mesh-100,69,False,16.273,15,CHANNEL_DROP,0.375,0.125,False
322,Mesh-100,86,False,25.25,14,CHANNEL_DROP,0.6,0.11719,False
323,Mesh-100,2,True,11.092,2,,0.15,0.02344,False
324,Mesh-100,74,True,46.355,11,,0.825,0.09375,False
325,Mesh-100,59,True,56.528,14,,1.05,0.11719,False
326,Mesh-100,15,True,28.061,6,,0.45,0.05469,False
327,Mesh-100,80,True,34.272,8,,0.6,0.07031,False
328,Mesh-100,67,True,53.647,13,,0.975,0.10938,False
329,Mesh-100,68,False,49.743,14,CHANNEL_DROP,1.05,0.11719,False
330,Mesh-100,36,True,39.482,9,,0.675,0.07812,False
331,Mesh-100,16,False,3.766,7,CHANNEL_DROP,0.15,0.0625,False
332,Mesh-100,32,True,22.485,5,,0.375,0.04688,False
333,Mesh-100,79,True,64.115,16,,1.2,0.13281,False
334,Mesh-100,48,True,50.374,12,,0.9,0.10156,False
335,Mesh-100,44,True,33.466,8,,0.6,0.07031,False
336,Mesh-100,83,True,46.518,11,,0.825,0.09375,False
337,Mesh-100,41,True,23.068,5,,0.375,0.04688,False
338,Mesh-100,85,True,52.678,13,,0.975,0.10938,False
339,Mesh-100,38,True,45.013,11,,0.825,0.09375,False
340,Mesh-100,47,True,45.507,11,,0.825,0.09375,False
341,Mesh-100,79,True,63.763,16,,1.2,0.13281,False
342,Mesh-100,64,True,41.124,10,,0.75,0.08594,False
343,Mesh-100,68,False,47.215,14,CHANNEL_DROP,1.05,0.11719,False
344,Mesh-100,1,True,7.839,1,,0.075,0.01562,False
345,Mesh-100,78,True,63.574,15,,1.125,0.125,False
346,Mesh-100,16,False,3.438,7,CHANNEL_DROP,0.15,0.0625,False
347,Mesh-100,57,True,51.155,12,,0.9,0.10156,False
348,Mesh-100,47,True,47.397,11,,0.825,0.09375,False
349,Mesh-100,53,True,34.349,8,,0.6,0.07031,False
350,Mesh-100,99,False,26.236,18,CHANNEL_DROP,0.6,0.14844,False
351,Mesh-100,71,True,33.048,8,,0.6,0.07031,False
352,Mesh-100,63,True,39.033,9,,0.675,0.07812,False
353,Mesh-100,16,True,31.934,7,,0.525,0.0625,False
354,Mesh-100,38,True,45.858,11,,0.825,0.09375,False
355,Mesh-100,97,True,63.405,16,,1.2,0.13281,False
356,Mesh-100,50,True,23.381,5,,0.375,0.04688,False
357,Mesh-100,29,True,46.444,11,,0.825,0.09375,False
358,Mesh-100,49,False,0.0,13,CHANNEL_DROP,0.075,0.10938,False
359,Mesh-100,75,False,4.024,12,CHANNEL_DROP,0.15,0.10156,False
360,Mesh-100,43,True,32.533,7,,0.525,0.0625,False
361,Mesh-100,56,True,46.809,11,,0.825,0.09375,False
362,Mesh-100,63,True,39.429,9,,0.675,0.07812,False
363,Mesh-100,48,True,48.508,12,,0.9,0.10156,False
364,Mesh-100,21,True,15.098,3,,0.225,0.03125,False
365,Mesh-100,1,True,7.796,1,,0.075,0.01562,False
366,Mesh-100,45,True,37.547,9,,0.675,0.07812,False
367,Mesh-100,63,True,37.081,9,,0.675,0.07812,False
368,Mesh-100,42,True,26.033,6,,0.45,0.05469,False
369,Mesh-100,56,True,43.953,11,,0.825,0.09375,False
370,Mesh-100,70,True,29.907,7,,0.525,0.0625,False
371,Mesh-100,18,True,37.725,9,,0.675,0.07812,False
372,Mesh-100,45,True,38.98,9,,0.675,0.07812,False
373,Mesh-100,16,True,31.694,7,,0.525,0.0625,False
374,Mesh-100,37,False,23.163,10,CHANNEL_DROP,0.525,0.08594,False
375,Mesh-100,84,True,49.358,12,,0.9,0.10156,False
376,Mesh-100,93,False,33.287,12,CHANNEL_DROP,0.75,0.10156,False
377,Mesh-100,7,True,29.624,7,,0.525,0.0625,False
378,Mesh-100,96,True,58.531,15,,1.125,0.125,False
379,Mesh-100,57,True,49.691,12,,0.9,0.10156,False
380,Mesh-100,29,True,47.243,11,,0.825,0.09375,False
381,Mesh-100,77,True,58.19,14,,1.05,0.11719,False
382,Mesh-100,76,False,49.059,13,CHANNEL_DROP,0.975,0.10938,False
383,Mesh-100,76,True,52.432,13,,0.975,0.10938,False
384,Mesh-100,68,True,58.573,14,,1.05,0.11719,False
385,Mesh-100,96,True,60.464,15,,1.125,0.125,False
386,Mesh-100,72,True,37.171,9,,0.675,0.07812,False
387,Mesh-100,87,True,62.615,15,,1.125,0.125,False
388,Mesh-100,3,True,15.27,3,,0.225,0.03125,False
389,Mesh-100,73,True,42.715,10,,0.75,0.08594,False
390,Mesh-100,33,True,27.769,6,,0.45,0.05469,False
391,Mesh-100,71,True,34.82,8,,0.6,0.07031,False
392,Mesh-100,55,True,39.981,10,,0.75,0.08594,False
393,Mesh-100,64,False,25.048,10,CHANNEL_DROP,0.6,0.08594,False
394,Mesh-100,20,True,10.886,2,,0.15,0.02344,False
395,Mesh-100,51,False,7.577,6,CHANNEL_DROP,0.225,0.05469,False
396,Mesh-100,71,True,34.07,8,,0.6,0.07031,False
397,Mesh-100,90,False,3.308,9,CHANNEL_DROP,0.15,0.07812,False
398,Mesh-100,14,True,22.754,5,,0.375,0.04688,False
399,Mesh-100,31,True,18.721,4,,0.3,0.03906,False
400,Mesh-100,15,True,26.407,6,,0.45,0.05469,False
401,Mesh-100,93,True,48.682,12,,0.9,0.10156,False
402,Mesh-100,21,True,14.786,3,,0.225,0.03125,False
403,Mesh-100,22,True,19.461,4,,0.3,0.03906,False
404,Mesh-100,95,True,56.937,14,,1.05,0.11719,False
405,Mesh-100,41,False,0.0,5,CHANNEL_DROP,0.075,0.04688,False
406,Mesh-100,34,True,30.416,7,,0.525,0.0625,False
407,Mesh-100,85,True,52.264,13,,0.975,0.10938,False
408,Mesh-100,10,True,7.375,1,,0.075,0.01562,False
409,Mesh-100,6,True,26.183,6,,0.45,0.05469,False
410,Mesh-100,73,True,41.413,10,,0.75,0.08594,False
411,Mesh-100,36,True,37.415,9,,0.675,0.07812,False
412,Mesh-100,60,True,26.842,6,,0.45,0.05469,False
413,Mesh-100,94,True,52.868,13,,0.975,0.10938,False
414,Mesh-100,26,True,34.439,8,,0.6,0.07031,False
415,Mesh-100,52,False,15.042,7,CHANNEL_DROP,0.375,0.0625,False
416,Mesh-100,50,True,22.381,5,,0.375,0.04688,False
417,Mesh-100,89,True,66.697,17,,1.275,0.14062,False
418,Mesh-100,31,True,20.326,4,,0.3,0.03906,False
419,Mesh-100,85,False,29.583,13,CHANNEL_DROP,0.675,0.10938,False
420,Mesh-100,60,True,26.951,6,,0.45,0.05469,False
421,Mesh-100,72,True,37.027,9,,0.675,0.07812,False
422,Mesh-100,54,False,0.0,9,CHANNEL_DROP,0.075,0.07812,False
423,Mesh-100,54,True,36.839,9,,0.675,0.07812,False
424,Mesh-100,99,True,72.716,18,,1.35,0.14844,False
425,Mesh-100,34,True,30.226,7,,0.525,0.0625,False
426,Mesh-100,48,True,49.993,12,,0.9,0.10156,False
427,Mesh-100,93,True,48.883,12,,0.9,0.10156,False
428,Mesh-100,51,False,0.0,6,CHANNEL_DROP,0.075,0.05469,False
429,Mesh-100,63,True,36.282,9,,0.675,0.07812,False
430,Mesh-100,42,True,26.938,6,,0.45,0.05469,False
431,Mesh-100,42,True,26.253,6,,0.45,0.05469,False
432,Mesh-100,38,True,45.887,11,,0.825,0.09375,False
433,Mesh-100,19,True,39.122,10,,0.75,0.08594,False
434,Mesh-100,49,True,53.571,13,,0.975,0.10938,False
435,Mesh-100,92,True,46.421,11,,0.825,0.09375,False
436,Mesh-100,71,True,34.587,8,,0.6,0.07031,False
437,Mesh-100,43,True,30.638,7,,0.525,0.0625,False
438,Mesh-100,31,True,18.189,4,,0.3,0.03906,False
439,Mesh-100,9,False,18.737,9,CHANNEL_DROP,0.45,0.07812,False
440,Mesh-100,57,True,50.074,12,,0.9,0.10156,False
441,Mesh-100,45,True,37.609,9,,0.675,0.07812,False
442,Mesh-100,78,False,30.826,15,CHANNEL_DROP,0.675,0.125,False
443,Mesh-100,34,True,30.476,7,,0.525,0.0625,False
444,Mesh-100,98,True,69.852,17,,1.275,0.14062,False
445,Mesh-100,62,True,35.172,8,,0.6,0.07031,False
446,Mesh-100,67,False,34.045,13,CHANNEL_DROP,0.75,0.10938,False
447,Mesh-100,73,True,41.092,10,,0.75,0.08594,False
448,Mesh-100,40,True,20.183,4,,0.3,0.03906,False
449,Mesh-100,95,False,30.32,14,CHANNEL_DROP,0.675,0.11719,False
450,Mesh-100,16,False,7.6,7,CHANNEL_DROP,0.225,0.0625,False
451,Mesh-100,63,False,30.683,9,CHANNEL_DROP,0.675,0.07812,False
452,Mesh-100,25,True,29.945,7,,0.525,0.0625,False
453,Mesh-100,96,True,60.735,15,,1.125,0.125,False
454,Mesh-100,26,True,34.538,8,,0.6,0.07031,False
455,Mesh-100,23,True,22.774,5,,0.375,0.04688,False
456,Mesh-100,85,True,52.305,13,,0.975,0.10938,False
457,Mesh-100,90,False,26.774,9,CHANNEL_DROP,0.6,0.07812,False
458,Mesh-100,92,True,46.425,11,,0.825,0.09375,False
459,Mesh-100,17,True,35.13,8,,0.6,0.07031,False
460,Mesh-100,44,False,0.0,8,CHANNEL_DROP,0.075,0.07031,False
461,Mesh-100,95,True,57.152,14,,1.05,0.11719,False
462,Mesh-100,68,True,53.334,14,,1.05,0.11719,False
463,Mesh-100,13,True,19.997,4,,0.3,0.03906,False
464,Mesh-100,5,True,22.87,5,,0.375,0.04688,False
465,Mesh-100,84,False,44.862,12,CHANNEL_DROP,0.9,0.10156,False
466,Mesh-100,12,True,14.998,3,,0.225,0.03125,False
467,Mesh-100,75,True,48.911,12,,0.9,0.10156,False
468,Mesh-100,14,True,21.861,5,,0.375,0.04688,False
469,Mesh-100,6,True,26.462,6,,0.45,0.05469,False
470,Mesh-100,30,True,15.467,3,,0.225,0.03125,False
471,Mesh-100,81,True,37.973,9,,0.675,0.07812,False
472,Mesh-100,66,False,15.078,12,CHANNEL_DROP,0.375,0.10156,False
473,Mesh-100,50,True,21.832,5,,0.375,0.04688,False
474,Mesh-100,61,True,30.837,7,,0.525,0.0625,False
475,Mesh-100,57,True,48.78,12,,0.9,0.10156,False
476,Mesh-100,90,True,38.184,9,,0.675,0.07812,False
477,Mesh-100,67,True,52.922,13,,0.975,0.10938,False
478,Mesh-100,8,True,35.504,8,,0.6,0.07031,False
479,Mesh-100,58,False,19.478,13,CHANNEL_DROP,0.45,0.10938,False
480,Mesh-100,82,True,42.685,10,,0.75,0.08594,False
481,Mesh-100,81,True,39.259,9,,0.675,0.07812,False
482,Mesh-100,90,True,39.211,9,,0.675,0.07812,False
483,Mesh-100,31,True,18.159,4,,0.3,0.03906,False
484,Mesh-100,42,False,4.171,6,CHANNEL_DROP,0.15,0.05469,False
485,Mesh-100,58,True,53.718,13,,0.975,0.10938,False
486,Mesh-100,47,True,44.471,11,,0.825,0.09375,False
487,Mesh-100,37,True,42.298,10,,0.75,0.08594,False
488,Mesh-100,41,False,3.59,5,CHANNEL_DROP,0.15,0.04688,False
489,Mesh-100,82,False,39.313,10,CHANNEL_DROP,0.75,0.08594,False
490,Mesh-100,54,True,38.9,9,,0.675,0.07812,False
491,Mesh-100,29,True,44.799,11,,0.825,0.09375,False
492,Mesh-100,45,True,38.064,9,,0.675,0.07812,False
493,Mesh-100,38,True,45.281,11,,0.825,0.09375,False
494,Mesh-100,8,True,33.697,8,,0.6,0.07031,False
495,Mesh-100,31,True,19.235,4,,0.3,0.03906,False
496,Mesh-100,33,True,26.83,6,,0.45,0.05469,False
497,Mesh-100,32,True,23.147,5,,0.375,0.04688,False
498,Mesh-100,4,True,17.888,4,,0.3,0.03906,False
499,Mesh-100,89,False,10.986,17,CHANNEL_DROP,0.3,0.14062,False
500,Mesh-100,26,True,34.952,8,,0.6,0.07031,False
1,Tree-80,8,True,15.066,3,,0.225,0.03125,False
2,Tree-80,67,False,15.7,6,CHANNEL_DROP,0.375,0.05469,False
3,Tree-80,28,True,19.73,4,,0.3,0.03906,False
4,Tree-80,56,True,21.672,5,,0.375,0.04688,False
5,Tree-80,9,True,15.347,3,,0.225,0.03125,False
6,Tree-80,29,False,0.0,4,CHANNEL_DROP,0.075,0.03906,False
7,Tree-80,46,True,23.602,5,,0.375,0.04688,False
8,Tree-80,38,True,23.407,5,,0.375,0.04688,False
9,Tree-80,60,True,22.334,5,,0.375,0.04688,False
10,Tree-80,58,True,22.504,5,,0.375,0.04688,False
11,Tree-80,13,True,15.0,3,,0.225,0.03125,False
12,Tree-80,36,True,23.607,5,,0.375,0.04688,False
13,Tree-80,74,True,26.191,6,,0.45,0.05469,False
14,Tree-80,15,True,18.605,4,,0.3,0.03906,False
15,Tree-80,63,True,27.176,6,,0.45,0.05469,False
16,Tree-80,72,True,27.809,6,,0.45,0.05469,False
17,Tree-80,16,True,18.502,4,,0.3,0.03906,False
18,Tree-80,5,True,10.631,2,,0.15,0.02344,False
19,Tree-80,55,True,23.565,5,,0.375,0.04688,False
20,Tree-80,40,True,23.084,5,,0.375,0.04688,False
21,Tree-80,77,True,28.363,6,,0.45,0.05469,False
22,Tree-80,32,True,22.372,5,,0.375,0.04688,False
23,Tree-80,64,False,14.491,6,CHANNEL_DROP,0.375,0.05469,False
24,Tree-80,8,True,14.681,3,,0.225,0.03125,False
25,Tree-80,51,False,7.841,5,CHANNEL_DROP,0.225,0.04688,False
26,Tree-80,15,True,19.342,4,,0.3,0.03906,False
27,Tree-80,38,True,23.758,5,,0.375,0.04688,False
28,Tree-80,22,True,18.668,4,,0.3,0.03906,False
29,Tree-80,40,True,22.865,5,,0.375,0.04688,False
30,Tree-80,3,True,12.267,2,,0.15,0.02344,False
31,Tree-80,24,True,18.545,4,,0.3,0.03906,False
32,Tree-80,56,False,7.322,5,CHANNEL_DROP,0.225,0.04688,False
33,Tree-80,30,True,19.492,4,,0.3,0.03906,False
34,Tree-80,65,True,27.791,6,,0.45,0.05469,False
35,Tree-80,72,True,25.682,6,,0.45,0.05469,False
36,Tree-80,21,True,19.118,4,,0.3,0.03906,False
37,Tree-80,75,True,26.648,6,,0.45,0.05469,False
38,Tree-80,45,True,22.424,5,,0.375,0.04688,False
39,Tree-80,28,False,15.158,4,CHANNEL_DROP,0.3,0.03906,False
40,Tree-80,9,True,14.499,3,,0.225,0.03125,False
41,Tree-80,49,True,21.952,5,,0.375,0.04688,False
42,Tree-80,66,True,26.712,6,,0.45,0.05469,False
43,Tree-80,58,True,23.515,5,,0.375,0.04688,False
44,Tree-80,77,True,26.312,6,,0.45,0.05469,False
45,Tree-80,37,True,22.764,5,,0.375,0.04688,False
46,Tree-80,56,True,21.663,5,,0.375,0.04688,False
47,Tree-80,10,True,15.514,3,,0.225,0.03125,False
48,Tree-80,20,True,19.853,4,,0.3,0.03906,False
49,Tree-80,72,True,27.255,6,,0.45,0.05469,False
50,Tree-80,46,True,23.234,5,,0.375,0.04688,False
51,Tree-80,8,True,15.021,3,,0.225,0.03125,False
52,Tree-80,50,True,25.026,5,,0.375,0.04688,False
53,Tree-80,71,True,25.857,6,,0.45,0.05469,False
54,Tree-80,2,True,7.701,1,,0.075,0.01562,False
55,Tree-80,5,True,11.87,2,,0.15,0.02344,False
56,Tree-80,61,True,21.827,5,,0.375,0.04688,False
57,Tree-80,19,True,17.722,4,,0.3,0.03906,False
58,Tree-80,27,True,19.296,4,,0.3,0.03906,False
59,Tree-80,18,True,17.356,4,,0.3,0.03906,False
60,Tree-80,50,True,22.416,5,,0.375,0.04688,False
61,Tree-80,28,True,18.747,4,,0.3,0.03906,False
62,Tree-80,55,True,23.243,5,,0.375,0.04688,False
63,Tree-80,66,False,7.515,6,CHANNEL_DROP,0.225,0.05469,False
64,Tree-80,11,True,16.01,3,,0.225,0.03125,False
65,Tree-80,37,True,23.116,5,,0.375,0.04688,False
66,Tree-80,58,True,22.045,5,,0.375,0.04688,False
67,Tree-80,49,True,22.265,5,,0.375,0.04688,False
68,Tree-80,60,True,23.09,5,,0.375,0.04688,False
69,Tree-80,32,True,22.132,5,,0.375,0.04688,False
70,Tree-80,61,True,23.395,5,,0.375,0.04688,False
71,Tree-80,11,True,15.251,3,,0.225,0.03125,False
72,Tree-80,9,True,14.353,3,,0.225,0.03125,False
73,Tree-80,36,True,22.552,5,,0.375,0.04688,False
74,Tree-80,64,True,25.907,6,,0.45,0.05469,False
75,Tree-80,53,True,22.747,5,,0.375,0.04688,False
76,Tree-80,57,True,22.908,5,,0.375,0.04688,False
77,Tree-80,23,True,19.608,4,,0.3,0.03906,False
78,Tree-80,67,True,25.644,6,,0.45,0.05469,False
79,Tree-80,56,True,23.258,5,,0.375,0.04688,False
80,Tree-80,7,False,10.709,3,CHANNEL_DROP,0.225,0.03125,False
81,Tree-80,62,True,24.043,5,,0.375,0.04688,False
82,Tree-80,51,True,23.279,5,,0.375,0.04688,False
83,Tree-80,30,True,18.965,4,,0.3,0.03906,False
84,Tree-80,74,False,15.086,6,CHANNEL_DROP,0.375,0.05469,False
85,Tree-80,72,True,26.945,6,,0.45,0.05469,False
86,Tree-80,49,True,23.652,5,,0.375,0.04688,False
87,Tree-80,39,True,23.85,5,,0.375,0.04688,False
88,Tree-80,50,True,23.491,5,,0.375,0.04688,False
89,Tree-80,8,True,15.247,3,,0.225,0.03125,False
90,Tree-80,61,True,23.585,5,,0.375,0.04688,False
91,Tree-80,57,True,22.795,5,,0.375,0.04688,False
92,Tree-80,77,True,25.712,6,,0.45,0.05469,False
93,Tree-80,25,False,3.562,4,CHANNEL_DROP,0.15,0.03906,False
94,Tree-80,9,True,15.469,3,,0.225,0.03125,False
95,Tree-80,9,True,14.185,3,,0.225,0.03125,False
96,Tree-80,56,True,23.556,5,,0.375,0.04688,False
97,Tree-80,56,True,23.057,5,,0.375,0.04688,False
98,Tree-80,79,True,27.256,6,,0.45,0.05469,False
99,Tree-80,42,True,22.937,5,,0.375,0.04688,False
100,Tree-80,70,False,18.727,6,CHANNEL_DROP,0.45,0.05469,False
101,Tree-80,1,True,8.065,1,,0.075,0.01562,False
102,Tree-80,63,True,26.587,6,,0.45,0.05469,False
103,Tree-80,43,True,22.924,5,,0.375,0.04688,False
104,Tree-80,56,True,22.095,5,,0.375,0.04688,False
105,Tree-80,42,True,22.195,5,,0.375,0.04688,False
106,Tree-80,77,False,11.116,6,CHANNEL_DROP,0.3,0.05469,False
107,Tree-80,69,True,27.649,6,,0.45,0.05469,False
108,Tree-80,39,True,23.762,5,,0.375,0.04688,False
109,Tree-80,77,True,25.92,6,,0.45,0.05469,False
110,Tree-80,57,True,24.362,5,,0.375,0.04688,False
111,Tree-80,29,True,17.819,4,,0.3,0.03906,False
112,Tree-80,30,True,18.996,4,,0.3,0.03906,False
113,Tree-80,61,True,21.892,5,,0.375,0.04688,False
114,Tree-80,48,True,23.058,5,,0.375,0.04688,False
115,Tree-80,1,True,7.485,1,,0.075,0.01562,False
116,Tree-80,61,True,23.489,5,,0.375,0.04688,False
117,Tree-80,66,False,19.275,6,CHANNEL_DROP,0.45,0.05469,False
118,Tree-80,8,True,15.24,3,,0.225,0.03125,False
119,Tree-80,4,True,11.098,2,,0.15,0.02344,False
120,Tree-80,52,True,21.891,5,,0.375,0.04688,False
121,Tree-80,27,True,19.708,4,,0.3,0.03906,False
122,Tree-80,71,False,7.135,6,CHANNEL_DROP,0.225,0.05469,False
123,Tree-80,43,True,24.207,5,,0.375,0.04688,False
124,Tree-80,5,True,11.842,2,,0.15,0.02344,False
125,Tree-80,53,True,23.091,5,,0.375,0.04688,False
126,Tree-80,43,True,22.765,5,,0.375,0.04688,False
127,Tree-80,55,True,23.524,5,,0.375,0.04688,False
128,Tree-80,67,True,27.211,6,,0.45,0.05469,False
129,Tree-80,42,True,23.243,5,,0.375,0.04688,False
130,Tree-80,69,True,25.624,6,,0.45,0.05469,False
131,Tree-80,68,True,26.268,6,,0.45,0.05469,False
132,Tree-80,15,False,12.152,4,CHANNEL_DROP,0.3,0.03906,False
133,Tree-80,36,True,21.941,5,,0.375,0.04688,False
134,Tree-80,74,True,26.757,6,,0.45,0.05469,False
135,Tree-80,51,True,21.711,5,,0.375,0.04688,False
136,Tree-80,9,True,15.9,3,,0.225,0.03125,False
137,Tree-80,53,True,22.876,5,,0.375,0.04688,False
138,Tree-80,71,True,26.672,6,,0.45,0.05469,False
139,Tree-80,64,True,25.807,6,,0.45,0.05469,False
140,Tree-80,24,True,18.051,4,,0.3,0.03906,False
141,Tree-80,45,True,22.836,5,,0.375,0.04688,False
142,Tree-80,75,True,26.327,6,,0.45,0.05469,False
143,Tree-80,55,True,22.899,5,,0.375,0.04688,False
144,Tree-80,14,True,15.618,3,,0.225,0.03125,False
145,Tree-80,54,True,22.071,5,,0.375,0.04688,False
146,Tree-80,77,True,27.26,6,,0.45,0.05469,False
147,Tree-80,63,True,25.507,6,,0.45,0.05469,False
148,Tree-80,26,True,20.062,4,,0.3,0.03906,False
149,Tree-80,74,True,26.417,6,,0.45,0.05469,False
150,Tree-80,23,True,18.07,4,,0.3,0.03906,False
151,Tree-80,14,True,14.21,3,,0.225,0.03125,False
152,Tree-80,55,True,24.094,5,,0.375,0.04688,False
153,Tree-80,38,True,22.82,5,,0.375,0.04688,False
154,Tree-80,52,False,7.825,5,CHANNEL_DROP,0.225,0.04688,False
155,Tree-80,43,True,22.497,5,,0.375,0.04688,False
156,Tree-80,58,True,23.393,5,,0.375,0.04688,False
157,Tree-80,66,False,0.0,6,CHANNEL_DROP,0.075,0.05469,False
158,Tree-80,51,False,3.841,5,CHANNEL_DROP,0.15,0.04688,False
159,Tree-80,32,True,23.128,5,,0.375,0.04688,False
160,Tree-80,36,True,23.374,5,,0.375,0.04688,False
161,Tree-80,55,False,0.0,5,CHANNEL_DROP,0.075,0.04688,False
162,Tree-80,54,True,22.673,5,,0.375,0.04688,False
163,Tree-80,78,True,28.462,6,,0.45,0.05469,False
164,Tree-80,17,False,15.589,4,CHANNEL_DROP,0.3,0.03906,False
165,Tree-80,18,True,19.966,4,,0.3,0.03906,False
166,Tree-80,48,True,22.948,5,,0.375,0.04688,False
167,Tree-80,7,True,15.075,3,,0.225,0.03125,False
168,Tree-80,20,True,18.348,4,,0.3,0.03906,False
169,Tree-80,37,True,22.585,5,,0.375,0.04688,False
170,Tree-80,43,True,22.285,5,,0.375,0.04688,False
171,Tree-80,32,True,22.803,5,,0.375,0.04688,False
172,Tree-80,7,True,15.257,3,,0.225,0.03125,False
173,Tree-80,77,False,10.867,6,CHANNEL_DROP,0.3,0.05469,False
174,Tree-80,44,True,22.051,5,,0.375,0.04688,False
175,Tree-80,10,False,8.072,3,CHANNEL_DROP,0.225,0.03125,False
176,Tree-80,25,True,17.722,4,,0.3,0.03906,False
177,Tree-80,26,True,19.131,4,,0.3,0.03906,False
178,Tree-80,10,True,14.651,3,,0.225,0.03125,False
179,Tree-80,7,True,15.646,3,,0.225,0.03125,False
180,Tree-80,38,False,19.346,5,CHANNEL_DROP,0.375,0.04688,False
181,Tree-80,43,True,22.876,5,,0.375,0.04688,False
182,Tree-80,15,True,19.034,4,,0.3,0.03906,False
183,Tree-80,42,True,21.826,5,,0.375,0.04688,False
184,Tree-80,44,True,22.729,5,,0.375,0.04688,False
185,Tree-80,60,True,23.145,5,,0.375,0.04688,False
186,Tree-80,15,True,18.461,4,,0.3,0.03906,False
187,Tree-80,28,True,19.329,4,,0.3,0.03906,False
188,Tree-80,53,True,22.483,5,,0.375,0.04688,False
189,Tree-80,64,True,27.967,6,,0.45,0.05469,False
190,Tree-80,12,True,14.165,3,,0.225,0.03125,False
191,Tree-80,4,True,10.931,2,,0.15,0.02344,False
192,Tree-80,17,True,19.41,4,,0.3,0.03906,False
193,Tree-80,35,True,23.243,5,,0.375,0.04688,False
194,Tree-80,36,True,23.308,5,,0.375,0.04688,False
195,Tree-80,52,True,22.529,5,,0.375,0.04688,False
196,Tree-80,64,True,26.468,6,,0.45,0.05469,False
197,Tree-80,28,True,19.711,4,,0.3,0.03906,False
198,Tree-80,2,True,7.189,1,,0.075,0.01562,False
199,Tree-80,62,True,22.205,5,,0.375,0.04688,False
200,Tree-80,36,True,22.653,5,,0.375,0.04688,False
201,Tree-80,5,True,11.319,2,,0.15,0.02344,False
202,Tree-80,10,True,16.102,3,,0.225,0.03125,False
203,Tree-80,3,True,11.966,2,,0.15,0.02344,False
204,Tree-80,35,True,22.912,5,,0.375,0.04688,False
205,Tree-80,35,True,21.551,5,,0.375,0.04688,False
206,Tree-80,77,True,26.765,6,,0.45,0.05469,False
207,Tree-80,7,True,15.526,3,,0.225,0.03125,False
208,Tree-80,78,True,27.787,6,,0.45,0.05469,False
209,Tree-80,55,True,21.168,5,,0.375,0.04688,False
210,Tree-80,63,True,26.707,6,,0.45,0.05469,False
211,Tree-80,66,True,27.893,6,,0.45,0.05469,False
212,Tree-80,1,True,8.023,1,,0.075,0.01562,False
213,Tree-80,71,True,27.333,6,,0.45,0.05469,False
214,Tree-80,10,True,14.296,3,,0.225,0.03125,False
215,Tree-80,14,True,15.738,3,,0.225,0.03125,False
216,Tree-80,68,True,27.124,6,,0.45,0.05469,False
217,Tree-80,61,True,23.869,5,,0.375,0.04688,False
218,Tree-80,67,False,19.123,6,CHANNEL_DROP,0.45,0.05469,False
219,Tree-80,77,True,26.921,6,,0.45,0.05469,False
220,Tree-80,57,True,22.335,5,,0.375,0.04688,False
221,Tree-80,57,False,4.182,5,CHANNEL_DROP,0.15,0.04688,False
222,Tree-80,42,True,23.859,5,,0.375,0.04688,False
223,Tree-80,23,True,18.96,4,,0.3,0.03906,False
224,Tree-80,22,True,18.513,4,,0.3,0.03906,False
225,Tree-80,31,True,22.3,5,,0.375,0.04688,False
226,Tree-80,74,True,26.013,6,,0.45,0.05469,False
227,Tree-80,30,True,18.639,4,,0.3,0.03906,False
228,Tree-80,75,False,3.351,6,CHANNEL_DROP,0.15,0.05469,False
229,Tree-80,48,True,21.313,5,,0.375,0.04688,False
230,Tree-80,47,True,22.463,5,,0.375,0.04688,False
231,Tree-80,16,True,19.409,4,,0.3,0.03906,False
232,Tree-80,30,True,20.293,4,,0.3,0.03906,False
233,Tree-80,34,True,21.756,5,,0.375,0.04688,False
234,Tree-80,41,True,24.579,5,,0.375,0.04688,False
235,Tree-80,23,True,19.774,4,,0.3,0.03906,False
236,Tree-80,33,True,21.507,5,,0.375,0.04688,False
237,Tree-80,46,True,21.301,5,,0.375,0.04688,False
238,Tree-80,28,True,19.249,4,,0.3,0.03906,False
239,Tree-80,51,True,22.226,5,,0.375,0.04688,False
240,Tree-80,14,True,15.247,3,,0.225,0.03125,False
241,Tree-80,3,True,11.298,2,,0.15,0.02344,False
242,Tree-80,64,True,27.614,6,,0.45,0.05469,False
243,Tree-80,30,True,18.771,4,,0.3,0.03906,False
244,Tree-80,38,True,23.14,5,,0.375,0.04688,False
245,Tree-80,9,True,15.873,3,,0.225,0.03125,False
246,Tree-80,64,True,27.724,6,,0.45,0.05469,False
247,Tree-80,3,True,11.359,2,,0.15,0.02344,False
248,Tree-80,52,False,16.051,5,CHANNEL_DROP,0.375,0.04688,False
249,Tree-80,62,True,23.03,5,,0.375,0.04688,False
250,Tree-80,19,True,19.129,4,,0.3,0.03906,False
251,Tree-80,55,True,22.351,5,,0.375,0.04688,False
252,Tree-80,27,True,19.639,4,,0.3,0.03906,False
253,Tree-80,4,True,12.266,2,,0.15,0.02344,False
254,Tree-80,54,True,23.112,5,,0.375,0.04688,False
255,Tree-80,8,True,14.57,3,,0.225,0.03125,False
256,Tree-80,5,True,12.375,2,,0.15,0.02344,False
257,Tree-80,17,True,19.752,4,,0.3,0.03906,False
258,Tree-80,61,True,23.114,5,,0.375,0.04688,False
259,Tree-80,44,True,23.065,5,,0.375,0.04688,False
260,Tree-80,72,True,28.415,6,,0.45,0.05469,False
261,Tree-80,24,True,19.124,4,,0.3,0.03906,False
262,Tree-80,47,True,23.401,5,,0.375,0.04688,False
263,Tree-80,54,True,22.256,5,,0.375,0.04688,False
264,Tree-80,45,True,21.552,5,,0.375,0.04688,False
265,Tree-80,28,True,19.44,4,,0.3,0.03906,False
266,Tree-80,23,True,18.181,4,,0.3,0.03906,False
267,Tree-80,23,True,17.504,4,,0.3,0.03906,False
268,Tree-80,56,True,23.429,5,,0.375,0.04688,False
269,Tree-80,50,True,23.453,5,,0.375,0.04688,False
270,Tree-80,37,False,18.879,5,CHANNEL_DROP,0.375,0.04688,False
271,Tree-80,23,True,19.693,4,,0.3,0.03906,False
272,Tree-80,43,True,22.722,5,,0.375,0.04688,False
273,Tree-80,72,True,27.231,6,,0.45,0.05469,False
274,Tree-80,63,True,26.616,6,,0.45,0.05469,False
275,Tree-80,37,False,10.901,5,CHANNEL_DROP,0.3,0.04688,False
276,Tree-80,10,True,15.337,3,,0.225,0.03125,False
277,Tree-80,32,True,21.874,5,,0.375,0.04688,False
278,Tree-80,9,True,14.904,3,,0.225,0.03125,False
279,Tree-80,12,True,15.663,3,,0.225,0.03125,False
280,Tree-80,25,False,12.802,4,CHANNEL_DROP,0.3,0.03906,False
281,Tree-80,14,True,15.57,3,,0.225,0.03125,False
282,Tree-80,6,False,4.186,2,CHANNEL_DROP,0.15,0.02344,False
283,Tree-80,38,False,19.621,5,CHANNEL_DROP,0.375,0.04688,False
284,Tree-80,1,True,7.079,1,,0.075,0.01562,False
285,Tree-80,76,True,27.1,6,,0.45,0.05469,False
286,Tree-80,4,True,10.731,2,,0.15,0.02344,False
287,Tree-80,9,True,15.718,3,,0.225,0.03125,False
288,Tree-80,20,True,19.717,4,,0.3,0.03906,False
289,Tree-80,7,True,15.502,3,,0.225,0.03125,False
290,Tree-80,22,True,18.502,4,,0.3,0.03906,False
291,Tree-80,63,True,26.78,6,,0.45,0.05469,False
292,Tree-80,73,True,27.014,6,,0.45,0.05469,False
293,Tree-80,36,True,22.889,5,,0.375,0.04688,False
294,Tree-80,16,True,19.22,4,,0.3,0.03906,False
295,Tree-80,19,True,19.274,4,,0.3,0.03906,False
296,Tree-80,57,True,22.917,5,,0.375,0.04688,False
297,Tree-80,14,True,14.442,3,,0.225,0.03125,False
298,Tree-80,11,False,12.269,3,CHANNEL_DROP,0.225,0.03125,False
299,Tree-80,58,True,22.629,5,,0.375,0.04688,False
300,Tree-80,17,True,19.232,4,,0.3,0.03906,False
301,Tree-80,76,True,26.754,6,,0.45,0.05469,False
302,Tree-80,74,True,27.487,6,,0.45,0.05469,False
303,Tree-80,22,True,19.211,4,,0.3,0.03906,False
304,Tree-80,5,True,11.572,2,,0.15,0.02344,False
305,Tree-80,31,True,22.454,5,,0.375,0.04688,False
306,Tree-80,20,True,18.695,4,,0.3,0.03906,False
307,Tree-80,47,True,22.228,5,,0.375,0.04688,False
308,Tree-80,3,True,11.547,2,,0.15,0.02344,False
309,Tree-80,72,True,25.992,6,,0.45,0.05469,False
310,Tree-80,31,True,21.855,5,,0.375,0.04688,False
311,Tree-80,69,True,26.966,6,,0.45,0.05469,False
312,Tree-80,41,True,22.357,5,,0.375,0.04688,False
313,Tree-80,7,True,16.146,3,,0.225,0.03125,False
314,Tree-80,43,True,22.293,5,,0.375,0.04688,False
315,Tree-80,45,True,21.505,5,,0.375,0.04688,False
316,Tree-80,57,False,7.849,5,CHANNEL_DROP,0.225,0.04688,False
317,Tree-80,47,True,22.978,5,,0.375,0.04688,False
318,Tree-80,1,True,7.507,1,,0.075,0.01562,False
319,Tree-80,48,True,24.205,5,,0.375,0.04688,False
320,Tree-80,75,True,26.278,6,,0.45,0.05469,False
321,Tree-80,57,True,22.024,5,,0.375,0.04688,False
322,Tree-80,56,True,22.527,5,,0.375,0.04688,False
323,Tree-80,36,True,23.3,5,,0.375,0.04688,False
324,Tree-80,69,False,15.266,6,CHANNEL_DROP,0.375,0.05469,False
325,Tree-80,20,False,15.431,4,CHANNEL_DROP,0.3,0.03906,False
326,Tree-80,19,False,7.364,4,CHANNEL_DROP,0.225,0.03906,False
327,Tree-80,1,True,7.457,1,,0.075,0.01562,False
328,Tree-80,56,True,22.268,5,,0.375,0.04688,False
329,Tree-80,26,True,18.31,4,,0.3,0.03906,False
330,Tree-80,6,True,11.217,2,,0.15,0.02344,False
331,Tree-80,64,False,11.25,6,CHANNEL_DROP,0.3,0.05469,False
332,Tree-80,65,True,27.726,6,,0.45,0.05469,False
333,Tree-80,2,True,8.277,1,,0.075,0.01562,False
334,Tree-80,68,True,26.388,6,,0.45,0.05469,False
335,Tree-80,18,False,11.4,4,CHANNEL_DROP,0.3,0.03906,False
336,Tree-80,16,False,7.221,4,CHANNEL_DROP,0.225,0.03906,False
337,Tree-80,70,True,26.522,6,,0.45,0.05469,False
338,Tree-80,41,True,22.695,5,,0.375,0.04688,False
339,Tree-80,54,True,22.48,5,,0.375,0.04688,False
340,Tree-80,68,True,28.262,6,,0.45,0.05469,False
341,Tree-80,41,True,23.492,5,,0.375,0.04688,False
342,Tree-80,18,True,19.919,4,,0.3,0.03906,False
343,Tree-80,5,True,11.508,2,,0.15,0.02344,False
344,Tree-80,2,True,7.956,1,,0.075,0.01562,False
345,Tree-80,33,True,23.019,5,,0.375,0.04688,False
346,Tree-80,17,True,18.563,4,,0.3,0.03906,False
347,Tree-80,60,True,23.999,5,,0.375,0.04688,False
348,Tree-80,30,True,20.02,4,,0.3,0.03906,False
349,Tree-80,20,True,19.789,4,,0.3,0.03906,False
350,Tree-80,48,True,22.705,5,,0.375,0.04688,False
351,Tree-80,47,False,0.0,5,CHANNEL_DROP,0.075,0.04688,False
352,Tree-80,52,True,21.961,5,,0.375,0.04688,False
353,Tree-80,11,False,0.0,3,CHANNEL_DROP,0.075,0.03125,False
354,Tree-80,77,True,26.241,6,,0.45,0.05469,False
355,Tree-80,63,True,27.709,6,,0.45,0.05469,False
356,Tree-80,26,True,18.202,4,,0.3,0.03906,False
357,Tree-80,58,True,21.449,5,,0.375,0.04688,False
358,Tree-80,3,True,11.327,2,,0.15,0.02344,False
359,Tree-80,40,True,23.509,5,,0.375,0.04688,False
360,Tree-80,34,False,4.296,5,CHANNEL_DROP,0.15,0.04688,False
361,Tree-80,66,True,28.144,6,,0.45,0.05469,False
362,Tree-80,8,True,15.398,3,,0.225,0.03125,False
363,Tree-80,22,False,11.078,4,CHANNEL_DROP,0.3,0.03906,False
364,Tree-80,32,True,23.098,5,,0.375,0.04688,False
365,Tree-80,59,True,24.897,5,,0.375,0.04688,False
366,Tree-80,51,True,24.503,5,,0.375,0.04688,False
367,Tree-80,10,True,15.272,3,,0.225,0.03125,False
368,Tree-80,9,True,14.938,3,,0.225,0.03125,False
369,Tree-80,7,True,15.488,3,,0.225,0.03125,False
370,Tree-80,73,True,26.807,6,,0.45,0.05469,False
371,Tree-80,8,True,15.826,3,,0.225,0.03125,False
372,Tree-80,76,True,27.911,6,,0.45,0.05469,False
373,Tree-80,21,True,17.936,4,,0.3,0.03906,False
374,Tree-80,71,True,26.761,6,,0.45,0.05469,False
375,Tree-80,28,True,18.927,4,,0.3,0.03906,False
376,Tree-80,64,True,27.391,6,,0.45,0.05469,False
377,Tree-80,25,True,18.654,4,,0.3,0.03906,False
378,Tree-80,76,False,18.885,6,CHANNEL_DROP,0.45,0.05469,False
379,Tree-80,54,True,23.049,5,,0.375,0.04688,False
380,Tree-80,43,True,23.898,5,,0.375,0.04688,False
381,Tree-80,9,True,14.159,3,,0.225,0.03125,False
382,Tree-80,3,True,10.942,2,,0.15,0.02344,False
383,Tree-80,67,False,7.412,6,CHANNEL_DROP,0.225,0.05469,False
384,Tree-80,16,True,19.416,4,,0.3,0.03906,False
385,Tree-80,28,True,20.105,4,,0.3,0.03906,False
386,Tree-80,64,True,26.584,6,,0.45,0.05469,False
387,Tree-80,63,True,25.358,6,,0.45,0.05469,False
388,Tree-80,35,True,23.299,5,,0.375,0.04688,False
389,Tree-80,19,True,19.775,4,,0.3,0.03906,False
390,Tree-80,8,True,13.969,3,,0.225,0.03125,False
391,Tree-80,69,False,3.431,6,CHANNEL_DROP,0.15,0.05469,False
392,Tree-80,46,True,23.82,5,,0.375,0.04688,False
393,Tree-80,43,True,22.545,5,,0.375,0.04688,False
394,Tree-80,51,True,22.096,5,,0.375,0.04688,False
395,Tree-80,20,True,19.715,4,,0.3,0.03906,False
396,Tree-80,13,True,15.233,3,,0.225,0.03125,False
397,Tree-80,27,True,20.149,4,,0.3,0.03906,False
398,Tree-80,8,True,14.898,3,,0.225,0.03125,False
399,Tree-80,16,True,18.695,4,,0.3,0.03906,False
400,Tree-80,61,True,22.832,5,,0.375,0.04688,False
401,Tree-80,9,False,7.261,3,CHANNEL_DROP,0.225,0.03125,False
402,Tree-80,63,True,27.738,6,,0.45,0.05469,False
403,Tree-80,23,True,20.034,4,,0.3,0.03906,False
404,Tree-80,33,True,22.23,5,,0.375,0.04688,False
405,Tree-80,42,False,7.431,5,CHANNEL_DROP,0.225,0.04688,False
406,Tree-80,21,True,19.56,4,,0.3,0.03906,False
407,Tree-80,58,True,23.234,5,,0.375,0.04688,False
408,Tree-80,69,True,25.872,6,,0.45,0.05469,False
409,Tree-80,56,True,22.817,5,,0.375,0.04688,False
410,Tree-80,12,True,15.556,3,,0.225,0.03125,False
411,Tree-80,3,True,12.249,2,,0.15,0.02344,False
412,Tree-80,67,True,28.514,6,,0.45,0.05469,False
413,Tree-80,53,True,21.687,5,,0.375,0.04688,False
414,Tree-80,76,False,7.207,6,CHANNEL_DROP,0.225,0.05469,False
415,Tree-80,30,True,18.794,4,,0.3,0.03906,False
416,Tree-80,40,True,23.446,5,,0.375,0.04688,False
417,Tree-80,77,True,26.763,6,,0.45,0.05469,False
418,Tree-80,74,True,25.31,6,,0.45,0.05469,False
419,Tree-80,16,True,20.152,4,,0.3,0.03906,False
420,Tree-80,47,True,22.373,5,,0.375,0.04688,False
421,Tree-80,41,True,22.688,5,,0.375,0.04688,False
422,Tree-80,56,False,6.829,5,CHANNEL_DROP,0.225,0.04688,False
423,Tree-80,54,True,23.472,5,,0.375,0.04688,False
424,Tree-80,21,True,18.962,4,,0.3,0.03906,False
425,Tree-80,21,True,18.372,4,,0.3,0.03906,False
426,Tree-80,54,True,21.909,5,,0.375,0.04688,False
427,Tree-80,4,True,10.496,2,,0.15,0.02344,False
428,Tree-80,57,True,22.975,5,,0.375,0.04688,False
429,Tree-80,2,True,8.311,1,,0.075,0.01562,False
430,Tree-80,32,True,23.497,5,,0.375,0.04688,False
431,Tree-80,43,True,23.136,5,,0.375,0.04688,False
432,Tree-80,22,True,18.512,4,,0.3,0.03906,False
433,Tree-80,50,True,22.601,5,,0.375,0.04688,False
434,Tree-80,10,True,14.546,3,,0.225,0.03125,False
435,Tree-80,75,False,4.031,6,CHANNEL_DROP,0.15,0.05469,False
436,Tree-80,24,True,19.15,4,,0.3,0.03906,False
437,Tree-80,54,True,22.376,5,,0.375,0.04688,False
438,Tree-80,71,True,25.896,6,,0.45,0.05469,False
439,Tree-80,53,True,21.669,5,,0.375,0.04688,False
440,Tree-80,56,True,23.735,5,,0.375,0.04688,False
441,Tree-80,8,True,15.691,3,,0.225,0.03125,False
442,Tree-80,43,True,21.903,5,,0.375,0.04688,False
443,Tree-80,77,True,25.905,6,,0.45,0.05469,False
444,Tree-80,15,True,19.072,4,,0.3,0.03906,False
445,Tree-80,41,True,21.018,5,,0.375,0.04688,False
446,Tree-80,74,True,25.859,6,,0.45,0.05469,False
447,Tree-80,10,True,14.657,3,,0.225,0.03125,False
448,Tree-80,77,True,26.05,6,,0.45,0.05469,False
449,Tree-80,47,True,22.572,5,,0.375,0.04688,False
450,Tree-80,52,True,22.762,5,,0.375,0.04688,False
451,Tree-80,44,True,22.048,5,,0.375,0.04688,False
452,Tree-80,40,True,22.843,5,,0.375,0.04688,False
453,Tree-80,47,False,10.708,5,CHANNEL_DROP,0.3,0.04688,False
454,Tree-80,71,False,18.726,6,CHANNEL_DROP,0.45,0.05469,False
455,Tree-80,3,True,11.502,2,,0.15,0.02344,False
456,Tree-80,38,True,21.736,5,,0.375,0.04688,False
457,Tree-80,77,False,4.231,6,CHANNEL_DROP,0.15,0.05469,False
458,Tree-80,3,True,10.705,2,,0.15,0.02344,False
459,Tree-80,75,True,26.722,6,,0.45,0.05469,False
460,Tree-80,26,True,19.152,4,,0.3,0.03906,False
461,Tree-80,19,True,18.814,4,,0.3,0.03906,False
462,Tree-80,63,True,26.576,6,,0.45,0.05469,False
463,Tree-80,75,False,10.583,6,CHANNEL_DROP,0.3,0.05469,False
464,Tree-80,55,True,22.837,5,,0.375,0.04688,False
465,Tree-80,79,True,25.374,6,,0.45,0.05469,False
466,Tree-80,55,False,0.0,5,CHANNEL_DROP,0.075,0.04688,False
467,Tree-80,23,True,17.863,4,,0.3,0.03906,False
468,Tree-80,4,True,10.77,2,,0.15,0.02344,False
469,Tree-80,50,True,23.083,5,,0.375,0.04688,False
470,Tree-80,14,True,16.63,3,,0.225,0.03125,False
471,Tree-80,56,True,23.193,5,,0.375,0.04688,False
472,Tree-80,49,True,24.513,5,,0.375,0.04688,False
473,Tree-80,75,True,25.928,6,,0.45,0.05469,False
474,Tree-80,20,False,3.634,4,CHANNEL_DROP,0.15,0.03906,False
475,Tree-80,24,True,20.026,4,,0.3,0.03906,False
476,Tree-80,68,True,27.916,6,,0.45,0.05469,False
477,Tree-80,7,True,15.273,3,,0.225,0.03125,False
478,Tree-80,9,True,15.091,3,,0.225,0.03125,False
479,Tree-80,46,True,21.894,5,,0.375,0.04688,False
480,Tree-80,56,True,22.545,5,,0.375,0.04688,False
481,Tree-80,21,True,17.431,4,,0.3,0.03906,False
482,Tree-80,79,True,27.008,6,,0.45,0.05469,False
483,Tree-80,30,True,18.79,4,,0.3,0.03906,False
484,Tree-80,12,False,3.771,3,CHANNEL_DROP,0.15,0.03125,False
485,Tree-80,35,True,21.007,5,,0.375,0.04688,False
486,Tree-80,10,True,14.806,3,,0.225,0.03125,False
487,Tree-80,37,True,23.735,5,,0.375,0.04688,False
488,Tree-80,45,True,22.405,5,,0.375,0.04688,False
489,Tree-80,3,False,0.0,2,CHANNEL_DROP,0.075,0.02344,False
490,Tree-80,67,True,25.279,6,,0.45,0.05469,False
491,Tree-80,34,True,22.74,5,,0.375,0.04688,False
492,Tree-80,27,True,18.85,4,,0.3,0.03906,False
493,Tree-80,12,True,14.361,3,,0.225,0.03125,False
494,Tree-80,44,False,0.0,5,CHANNEL_DROP,0.075,0.04688,False
495,Tree-80,30,False,0.0,4,CHANNEL_DROP,0.075,0.03906,False
496,Tree-80,68,True,26.653,6,,0.45,0.05469,False
497,Tree-80,61,True,23.445,5,,0.375,0.04688,False
498,Tree-80,69,False,22.866,6,CHANNEL_DROP,0.45,0.05469,False
499,Tree-80,66,False,3.898,6,CHANNEL_DROP,0.15,0.05469,False
500,Tree-80,21,False,7.8,4,CHANNEL_DROP,0.225,0.03906,False
1,Random-150,8,True,34.404,8,,0.6,0.07031,False
2,Random-150,14,True,11.106,2,,0.15,0.02344,False
3,Random-150,95,True,18.495,4,,0.3,0.03906,False
4,Random-150,111,True,7.91,1,,0.075,0.01562,False
5,Random-150,35,True,23.032,5,,0.375,0.04688,False
6,Random-150,99,True,35.122,8,,0.6,0.07031,False
7,Random-150,78,True,30.248,7,,0.525,0.0625,False
8,Random-150,126,True,10.379,2,,0.15,0.02344,False
9,Random-150,125,True,14.338,3,,0.225,0.03125,False
10,Random-150,2,False,19.575,8,CHANNEL_DROP,0.45,0.07031,False
11,Random-150,98,False,3.78,3,CHANNEL_DROP,0.15,0.03125,False
12,Random-150,124,True,24.245,5,,0.375,0.04688,False
13,Random-150,126,True,11.362,2,,0.15,0.02344,False
14,Random-150,126,True,11.108,2,,0.15,0.02344,False
15,Random-150,139,True,32.091,8,,0.6,0.07031,False
16,Random-150,72,True,33.938,8,,0.6,0.07031,False
17,Random-150,47,True,8.134,1,,0.075,0.01562,False
18,Random-150,43,True,11.762,2,,0.15,0.02344,False
19,Random-150,101,True,26.017,6,,0.45,0.05469,False
20,Random-150,71,True,27.009,6,,0.45,0.05469,False
21,Random-150,52,True,31.04,7,,0.525,0.0625,False
22,Random-150,96,True,18.315,4,,0.3,0.03906,False
23,Random-150,48,True,41.708,10,,0.75,0.08594,False
24,Random-150,135,True,32.158,7,,0.525,0.0625,False
25,Random-150,140,True,25.319,6,,0.45,0.05469,False
26,Random-150,67,True,18.384,4,,0.3,0.03906,False
27,Random-150,68,True,7.715,1,,0.075,0.01562,False
28,Random-150,110,True,29.491,7,,0.525,0.0625,False
29,Random-150,83,False,14.742,4,CHANNEL_DROP,0.3,0.03906,False
30,Random-150,85,True,14.491,3,,0.225,0.03125,False
31,Random-150,13,True,14.868,3,,0.225,0.03125,False
32,Random-150,71,True,27.931,6,,0.45,0.05469,False
33,Random-150,39,True,18.559,4,,0.3,0.03906,False
34,Random-150,64,True,18.437,4,,0.3,0.03906,False
35,Random-150,139,True,34.22,8,,0.6,0.07031,False
36,Random-150,137,True,15.86,3,,0.225,0.03125,False
37,Random-150,84,True,34.483,8,,0.6,0.07031,False
38,Random-150,34,True,15.513,3,,0.225,0.03125,False
39,Random-150,105,True,27.491,6,,0.45,0.05469,False
40,Random-150,127,True,18.832,4,,0.3,0.03906,False
41,Random-150,20,True,23.822,5,,0.375,0.04688,False
42,Random-150,129,False,23.33,6,CHANNEL_DROP,0.45,0.05469,False
43,Random-150,2,True,34.605,8,,0.6,0.07031,False
44,Random-150,77,True,19.253,4,,0.3,0.03906,False
45,Random-150,125,True,14.739,3,,0.225,0.03125,False
46,Random-150,140,True,26.322,6,,0.45,0.05469,False
47,Random-150,26,True,47.114,11,,0.825,0.09375,False
48,Random-150,6,True,30.305,7,,0.525,0.0625,False
49,Random-150,69,True,33.745,8,,0.6,0.07031,False
50,Random-150,112,True,26.389,6,,0.45,0.05469,False
51,Random-150,59,True,24.427,5,,0.375,0.04688,False
52,Random-150,135,True,30.68,7,,0.525,0.0625,False
53,Random-150,106,True,32.273,8,,0.6,0.07031,False
54,Random-150,2,True,33.157,8,,0.6,0.07031,False
55,Random-150,121,True,18.762,4,,0.3,0.03906,False
56,Random-150,102,False,18.801,7,CHANNEL_DROP,0.45,0.0625,False
57,Random-150,93,True,12.013,2,,0.15,0.02344,False
58,Random-150,26,True,45.73,11,,0.825,0.09375,False
59,Random-150,5,True,30.351,7,,0.525,0.0625,False
60,Random-150,53,True,15.28,3,,0.225,0.03125,False
61,Random-150,65,True,18.46,4,,0.3,0.03906,False
62,Random-150,6,True,29.422,7,,0.525,0.0625,False
63,Random-150,11,True,30.033,7,,0.525,0.0625,False
64,Random-150,59,True,21.704,5,,0.375,0.04688,False
65,Random-150,105,True,25.833,6,,0.45,0.05469,False
66,Random-150,86,False,0.0,4,CHANNEL_DROP,0.075,0.03906,False
67,Random-150,6,True,29.93,7,,0.525,0.0625,False
68,Random-150,62,True,18.802,4,,0.3,0.03906,False
69,Random-150,144,False,3.687,1,CHANNEL_DROP,0.075,0.01562,False
70,Random-150,50,True,15.654,3,,0.225,0.03125,False
71,Random-150,27,True,22.344,5,,0.375,0.04688,False
72,Random-150,133,True,26.535,6,,0.45,0.05469,False
73,Random-150,85,True,15.813,3,,0.225,0.03125,False
74,Random-150,71,False,8.422,6,CHANNEL_DROP,0.225,0.05469,False
75,Random-150,51,True,18.966,4,,0.3,0.03906,False
76,Random-150,102,True,30.724,7,,0.525,0.0625,False
77,Random-150,47,False,3.344,1,CHANNEL_DROP,0.075,0.01562,False
78,Random-150,3,True,11.116,2,,0.15,0.02344,False
79,Random-150,4,False,0.0,4,CHANNEL_DROP,0.075,0.03906,False
80,Random-150,65,False,0.0,4,CHANNEL_DROP,0.075,0.03906,False
81,Random-150,88,True,27.887,6,,0.45,0.05469,False
82,Random-150,17,True,27.12,6,,0.45,0.05469,False
83,Random-150,19,True,29.935,7,,0.525,0.0625,False
84,Random-150,142,True,26.259,6,,0.45,0.05469,False
85,Random-150,38,True,27.797,6,,0.45,0.05469,False
86,Random-150,26,True,45.578,11,,0.825,0.09375,False
87,Random-150,122,True,19.579,4,,0.3,0.03906,False
88,Random-150,32,True,15.141,3,,0.225,0.03125,False
89,Random-150,12,True,22.638,5,,0.375,0.04688,False
90,Random-150,15,True,31.215,7,,0.525,0.0625,False
91,Random-150,98,True,15.129,3,,0.225,0.03125,False
92,Random-150,89,True,37.553,9,,0.675,0.07812,False
93,Random-150,70,True,22.673,5,,0.375,0.04688,False
94,Random-150,14,True,10.593,2,,0.15,0.02344,False
95,Random-150,26,True,46.3,11,,0.825,0.09375,False
96,Random-150,49,True,27.5,6,,0.45,0.05469,False
97,Random-150,101,True,25.877,6,,0.45,0.05469,False
98,Random-150,65,False,14.695,4,CHANNEL_DROP,0.3,0.03906,False
99,Random-150,32,True,15.37,3,,0.225,0.03125,False
100,Random-150,88,True,27.017,6,,0.45,0.05469,False
101,Random-150,28,True,26.453,6,,0.45,0.05469,False
102,Random-150,121,True,20.078,4,,0.3,0.03906,False
103,Random-150,68,True,7.486,1,,0.075,0.01562,False
104,Random-150,54,True,23.067,5,,0.375,0.04688,False
105,Random-150,127,True,18.847,4,,0.3,0.03906,False
106,Random-150,19,True,29.613,7,,0.525,0.0625,False
107,Random-150,79,True,26.773,6,,0.45,0.05469,False
108,Random-150,55,True,26.065,6,,0.45,0.05469,False
109,Random-150,15,True,29.08,7,,0.525,0.0625,False
110,Random-150,36,True,23.253,5,,0.375,0.04688,False
111,Random-150,102,True,30.674,7,,0.525,0.0625,False
112,Random-150,146,True,11.447,2,,0.15,0.02344,False
113,Random-150,24,True,8.187,1,,0.075,0.01562,False
114,Random-150,26,True,47.756,11,,0.825,0.09375,False
115,Random-150,12,True,22.862,5,,0.375,0.04688,False
116,Random-150,70,True,22.638,5,,0.375,0.04688,False
117,Random-150,148,True,8.253,1,,0.075,0.01562,False
118,Random-150,116,True,15.708,3,,0.225,0.03125,False
119,Random-150,53,False,11.267,3,CHANNEL_DROP,0.225,0.03125,False
120,Random-150,75,False,0.0,6,CHANNEL_DROP,0.075,0.05469,False
121,Random-150,66,True,19.105,4,,0.3,0.03906,False
122,Random-150,10,True,15.313,3,,0.225,0.03125,False
123,Random-150,53,True,14.957,3,,0.225,0.03125,False
124,Random-150,113,True,43.013,10,,0.75,0.08594,False
125,Random-150,32,True,14.934,3,,0.225,0.03125,False
126,Random-150,45,True,28.796,7,,0.525,0.0625,False
127,Random-150,129,True,26.583,6,,0.45,0.05469,False
128,Random-150,128,True,15.342,3,,0.225,0.03125,False
129,Random-150,95,False,7.221,4,CHANNEL_DROP,0.225,0.03906,False
130,Random-150,123,True,11.013,2,,0.15,0.02344,False
131,Random-150,50,True,15.745,3,,0.225,0.03125,False
132,Random-150,52,True,30.586,7,,0.525,0.0625,False
133,Random-150,42,True,19.743,4,,0.3,0.03906,False
134,Random-150,43,True,11.417,2,,0.15,0.02344,False
135,Random-150,76,True,15.327,3,,0.225,0.03125,False
136,Random-150,43,True,11.283,2,,0.15,0.02344,False
137,Random-150,58,True,18.948,4,,0.3,0.03906,False
138,Random-150,121,True,18.603,4,,0.3,0.03906,False
139,Random-150,96,True,18.949,4,,0.3,0.03906,False
140,Random-150,95,True,17.976,4,,0.3,0.03906,False
141,Random-150,127,False,0.0,4,CHANNEL_DROP,0.075,0.03906,False
142,Random-150,111,True,7.483,1,,0.075,0.01562,False
143,Random-150,132,True,29.956,7,,0.525,0.0625,False
144,Random-150,37,True,11.658,2,,0.15,0.02344,False
145,Random-150,97,True,23.339,5,,0.375,0.04688,False
146,Random-150,20,True,24.011,5,,0.375,0.04688,False
147,Random-150,10,True,15.506,3,,0.225,0.03125,False
148,Random-150,7,True,33.21,8,,0.6,0.07031,False
149,Random-150,32,True,15.765,3,,0.225,0.03125,False
150,Random-150,96,True,20.035,4,,0.3,0.03906,False
151,Random-150,116,True,14.797,3,,0.225,0.03125,False
152,Random-150,61,True,22.843,5,,0.375,0.04688,False
153,Random-150,3,True,11.144,2,,0.15,0.02344,False
154,Random-150,81,True,27.135,6,,0.45,0.05469,False
155,Random-150,46,True,28.253,7,,0.525,0.0625,False
156,Random-150,3,True,11.107,2,,0.15,0.02344,False
157,Random-150,4,True,18.815,4,,0.3,0.03906,False
158,Random-150,92,True,26.116,6,,0.45,0.05469,False
159,Random-150,124,True,22.273,5,,0.375,0.04688,False
160,Random-150,131,False,14.754,7,CHANNEL_DROP,0.375,0.0625,False
161,Random-150,39,True,18.325,4,,0.3,0.03906,False
162,Random-150,9,False,14.858,6,CHANNEL_DROP,0.375,0.05469,False
163,Random-150,62,True,18.978,4,,0.3,0.03906,False
164,Random-150,31,True,23.995,5,,0.375,0.04688,False
165,Random-150,81,True,27.058,6,,0.45,0.05469,False
166,Random-150,140,True,26.759,6,,0.45,0.05469,False
167,Random-150,39,True,18.165,4,,0.3,0.03906,False
168,Random-150,1,True,29.356,7,,0.525,0.0625,False
169,Random-150,65,True,19.239,4,,0.3,0.03906,False
170,Random-150,31,True,23.171,5,,0.375,0.04688,False
171,Random-150,147,True,47.994,11,,0.825,0.09375,False
172,Random-150,90,True,7.163,1,,0.075,0.01562,False
173,Random-150,13,True,14.621,3,,0.225,0.03125,False
174,Random-150,133,True,26.131,6,,0.45,0.05469,False
175,Random-150,98,False,0.0,3,CHANNEL_DROP,0.075,0.03125,False
176,Random-150,48,True,42.946,10,,0.75,0.08594,False
177,Random-150,32,True,14.515,3,,0.225,0.03125,False
178,Random-150,130,True,26.843,6,,0.45,0.05469,False
179,Random-150,52,True,30.448,7,,0.525,0.0625,False
180,Random-150,130,True,25.832,6,,0.45,0.05469,False
181,Random-150,38,True,26.833,6,,0.45,0.05469,False
182,Random-150,31,True,22.354,5,,0.375,0.04688,False
183,Random-150,105,True,25.274,6,,0.45,0.05469,False
184,Random-150,100,False,0.0,4,CHANNEL_DROP,0.075,0.03906,False
185,Random-150,48,True,41.253,10,,0.75,0.08594,False
186,Random-150,11,True,31.574,7,,0.525,0.0625,False
187,Random-150,17,False,22.75,6,CHANNEL_DROP,0.45,0.05469,False
188,Random-150,75,True,27.744,6,,0.45,0.05469,False
189,Random-150,113,True,42.503,10,,0.75,0.08594,False
190,Random-150,11,True,30.013,7,,0.525,0.0625,False
191,Random-150,67,True,19.038,4,,0.3,0.03906,False
192,Random-150,21,True,7.552,1,,0.075,0.01562,False
193,Random-150,28,True,27.474,6,,0.45,0.05469,False
194,Random-150,84,True,35.546,8,,0.6,0.07031,False
195,Random-150,81,False,23.081,6,CHANNEL_DROP,0.45,0.05469,False
196,Random-150,85,True,15.81,3,,0.225,0.03125,False
197,Random-150,58,True,19.226,4,,0.3,0.03906,False
198,Random-150,115,True,22.638,5,,0.375,0.04688,False
199,Random-150,79,True,25.22,6,,0.45,0.05469,False
200,Random-150,24,True,6.967,1,,0.075,0.01562,False
201,Random-150,41,True,43.145,10,,0.75,0.08594,False
202,Random-150,119,True,27.407,6,,0.45,0.05469,False
203,Random-150,102,True,30.919,7,,0.525,0.0625,False
204,Random-150,45,False,27.095,7,CHANNEL_DROP,0.525,0.0625,False
205,Random-150,149,True,23.604,5,,0.375,0.04688,False
206,Random-150,119,True,27.289,6,,0.45,0.05469,False
207,Random-150,82,True,23.418,5,,0.375,0.04688,False
208,Random-150,148,True,7.047,1,,0.075,0.01562,False
209,Random-150,67,True,18.624,4,,0.3,0.03906,False
210,Random-150,23,True,14.973,3,,0.225,0.03125,False
211,Random-150,23,False,7.191,3,CHANNEL_DROP,0.225,0.03125,False
212,Random-150,57,True,31.041,7,,0.525,0.0625,False
213,Random-150,103,True,19.169,4,,0.3,0.03906,False
214,Random-150,147,True,43.903,11,,0.825,0.09375,False
215,Random-150,90,True,8.468,1,,0.075,0.01562,False
216,Random-150,26,True,46.673,11,,0.825,0.09375,False
217,Random-150,64,True,18.142,4,,0.3,0.03906,False
218,Random-150,46,True,29.917,7,,0.525,0.0625,False
219,Random-150,26,True,46.069,11,,0.825,0.09375,False
220,Random-150,78,True,31.165,7,,0.525,0.0625,False
221,Random-150,6,True,30.263,7,,0.525,0.0625,False
222,Random-150,144,True,6.867,1,,0.075,0.01562,False
223,Random-150,126,True,10.76,2,,0.15,0.02344,False
224,Random-150,133,True,27.634,6,,0.45,0.05469,False
225,Random-150,22,True,41.461,10,,0.75,0.08594,False
226,Random-150,110,False,0.0,7,CHANNEL_DROP,0.075,0.0625,False
227,Random-150,94,True,23.43,5,,0.375,0.04688,False
228,Random-150,125,True,16.235,3,,0.225,0.03125,False
229,Random-150,19,False,11.178,7,CHANNEL_DROP,0.3,0.0625,False
230,Random-150,97,False,19.861,5,CHANNEL_DROP,0.375,0.04688,False
231,Random-150,23,True,16.405,3,,0.225,0.03125,False
232,Random-150,96,False,11.904,4,CHANNEL_DROP,0.3,0.03906,False
233,Random-150,109,True,45.21,11,,0.825,0.09375,False
234,Random-150,109,True,46.62,11,,0.825,0.09375,False
235,Random-150,20,True,23.496,5,,0.375,0.04688,False
236,Random-150,99,False,11.756,8,CHANNEL_DROP,0.3,0.07031,False
237,Random-150,135,True,29.664,7,,0.525,0.0625,False
238,Random-150,23,True,15.016,3,,0.225,0.03125,False
239,Random-150,17,False,19.346,6,CHANNEL_DROP,0.45,0.05469,False
240,Random-150,15,True,31.259,7,,0.525,0.0625,False
241,Random-150,66,True,17.747,4,,0.3,0.03906,False
242,Random-150,95,True,18.729,4,,0.3,0.03906,False
243,Random-150,15,True,28.66,7,,0.525,0.0625,False
244,Random-150,36,True,21.751,5,,0.375,0.04688,False
245,Random-150,18,True,37.753,9,,0.675,0.07812,False
246,Random-150,103,True,20.005,4,,0.3,0.03906,False
247,Random-150,4,False,3.914,4,CHANNEL_DROP,0.15,0.03906,False
248,Random-150,71,True,26.505,6,,0.45,0.05469,False
249,Random-150,98,True,16.18,3,,0.225,0.03125,False
250,Random-150,23,True,15.343,3,,0.225,0.03125,False
251,Random-150,65,True,17.631,4,,0.3,0.03906,False
252,Random-150,140,True,25.782,6,,0.45,0.05469,False
253,Random-150,129,True,25.317,6,,0.45,0.05469,False
254,Random-150,31,True,22.507,5,,0.375,0.04688,False
255,Random-150,37,True,11.243,2,,0.15,0.02344,False
256,Random-150,81,True,27.298,6,,0.45,0.05469,False
257,Random-150,4,True,18.791,4,,0.3,0.03906,False
258,Random-150,7,True,34.073,8,,0.6,0.07031,False
259,Random-150,97,True,22.792,5,,0.375,0.04688,False
260,Random-150,106,True,33.759,8,,0.6,0.07031,False
261,Random-150,63,True,39.238,9,,0.675,0.07812,False
262,Random-150,73,True,22.865,5,,0.375,0.04688,False
263,Random-150,81,True,26.179,6,,0.45,0.05469,False
264,Random-150,142,True,26.1,6,,0.45,0.05469,False
265,Random-150,116,True,15.392,3,,0.225,0.03125,False
266,Random-150,28,True,26.529,6,,0.45,0.05469,False
267,Random-150,120,True,19.413,4,,0.3,0.03906,False
268,Random-150,55,True,25.472,6,,0.45,0.05469,False
269,Random-150,34,True,15.037,3,,0.225,0.03125,False
270,Random-150,75,True,26.668,6,,0.45,0.05469,False
271,Random-150,14,True,10.636,2,,0.15,0.02344,False
272,Random-150,90,True,7.348,1,,0.075,0.01562,False
273,Random-150,73,True,22.731,5,,0.375,0.04688,False
274,Random-150,51,True,19.01,4,,0.3,0.03906,False
275,Random-150,88,True,25.747,6,,0.45,0.05469,False
276,Random-150,99,True,35.254,8,,0.6,0.07031,False
277,Random-150,93,True,11.241,2,,0.15,0.02344,False
278,Random-150,130,True,27.446,6,,0.45,0.05469,False
279,Random-150,105,True,27.21,6,,0.45,0.05469,False
280,Random-150,15,True,29.962,7,,0.525,0.0625,False
281,Random-150,8,True,33.301,8,,0.6,0.07031,False
282,Random-150,124,True,22.553,5,,0.375,0.04688,False
283,Random-150,113,True,43.594,10,,0.75,0.08594,False
284,Random-150,72,True,34.88,8,,0.6,0.07031,False
285,Random-150,20,True,22.143,5,,0.375,0.04688,False
286,Random-150,37,True,10.719,2,,0.15,0.02344,False
287,Random-150,20,True,22.694,5,,0.375,0.04688,False
288,Random-150,137,True,14.691,3,,0.225,0.03125,False
289,Random-150,74,True,21.645,5,,0.375,0.04688,False
290,Random-150,100,True,17.875,4,,0.3,0.03906,False
291,Random-150,96,False,0.0,4,CHANNEL_DROP,0.075,0.03906,False
292,Random-150,53,False,3.959,3,CHANNEL_DROP,0.15,0.03125,False
293,Random-150,124,True,22.786,5,,0.375,0.04688,False
294,Random-150,60,True,31.043,7,,0.525,0.0625,False
295,Random-150,134,True,19.358,4,,0.3,0.03906,False
296,Random-150,110,True,31.292,7,,0.525,0.0625,False
297,Random-150,34,True,14.789,3,,0.225,0.03125,False
298,Random-150,47,True,7.744,1,,0.075,0.01562,False
299,Random-150,62,True,19.24,4,,0.3,0.03906,False
300,Random-150,23,True,15.179,3,,0.225,0.03125,False
301,Random-150,77,True,19.711,4,,0.3,0.03906,False
302,Random-150,85,True,15.158,3,,0.225,0.03125,False
303,Random-150,23,True,15.211,3,,0.225,0.03125,False
304,Random-150,69,True,35.162,8,,0.6,0.07031,False
305,Random-150,21,True,7.609,1,,0.075,0.01562,False
306,Random-150,117,True,19.837,4,,0.3,0.03906,False
307,Random-150,62,True,18.596,4,,0.3,0.03906,False
308,Random-150,131,True,30.242,7,,0.525,0.0625,False
309,Random-150,8,False,18.798,8,CHANNEL_DROP,0.45,0.07031,False
310,Random-150,54,True,21.725,5,,0.375,0.04688,False
311,Random-150,59,True,22.596,5,,0.375,0.04688,False
312,Random-150,94,True,23.401,5,,0.375,0.04688,False
313,Random-150,39,True,20.576,4,,0.3,0.03906,False
314,Random-150,79,True,26.1,6,,0.45,0.05469,False
315,Random-150,79,True,25.952,6,,0.45,0.05469,False
316,Random-150,71,False,3.753,6,CHANNEL_DROP,0.15,0.05469,False
317,Random-150,62,False,6.938,4,CHANNEL_DROP,0.225,0.03906,False
318,Random-150,98,True,15.224,3,,0.225,0.03125,False
319,Random-150,102,True,31.633,7,,0.525,0.0625,False
320,Random-150,119,True,26.987,6,,0.45,0.05469,False
321,Random-150,86,True,18.558,4,,0.3,0.03906,False
322,Random-150,123,True,11.213,2,,0.15,0.02344,False
323,Random-150,15,True,30.452,7,,0.525,0.0625,False
324,Random-150,40,True,30.976,7,,0.525,0.0625,False
325,Random-150,135,True,30.093,7,,0.525,0.0625,False
326,Random-150,97,True,23.09,5,,0.375,0.04688,False
327,Random-150,34,True,15.792,3,,0.225,0.03125,False
328,Random-150,86,True,18.387,4,,0.3,0.03906,False
329,Random-150,69,True,34.712,8,,0.6,0.07031,False
330,Random-150,128,True,15.54,3,,0.225,0.03125,False
331,Random-150,61,False,15.809,5,CHANNEL_DROP,0.375,0.04688,False
332,Random-150,8,True,34.274,8,,0.6,0.07031,False
333,Random-150,40,False,11.194,7,CHANNEL_DROP,0.3,0.0625,False
334,Random-150,94,True,22.944,5,,0.375,0.04688,False
335,Random-150,127,True,18.989,4,,0.3,0.03906,False
336,Random-150,74,True,23.245,5,,0.375,0.04688,False
337,Random-150,11,True,29.749,7,,0.525,0.0625,False
338,Random-150,64,True,19.377,4,,0.3,0.03906,False
339,Random-150,61,True,24.41,5,,0.375,0.04688,False
340,Random-150,25,True,36.933,8,,0.6,0.07031,False
341,Random-150,62,True,19.898,4,,0.3,0.03906,False
342,Random-150,119,True,25.794,6,,0.45,0.05469,False
343,Random-150,103,True,19.077,4,,0.3,0.03906,False
344,Random-150,21,True,7.253,1,,0.075,0.01562,False
345,Random-150,50,True,14.904,3,,0.225,0.03125,False
346,Random-150,24,True,7.67,1,,0.075,0.01562,False
347,Random-150,137,True,15.559,3,,0.225,0.03125,False
348,Random-150,78,False,18.905,7,CHANNEL_DROP,0.45,0.0625,False
349,Random-150,30,True,19.602,4,,0.3,0.03906,False
350,Random-150,38,False,0.0,6,CHANNEL_DROP,0.075,0.05469,False
351,Random-150,71,True,26.226,6,,0.45,0.05469,False
352,Random-150,66,True,17.965,4,,0.3,0.03906,False
353,Random-150,14,True,11.363,2,,0.15,0.02344,False
354,Random-150,120,True,18.408,4,,0.3,0.03906,False
355,Random-150,113,True,41.344,10,,0.75,0.08594,False
356,Random-150,97,True,24.015,5,,0.375,0.04688,False
357,Random-150,21,True,7.859,1,,0.075,0.01562,False
358,Random-150,113,False,34.706,10,CHANNEL_DROP,0.75,0.08594,False
359,Random-150,32,True,15.767,3,,0.225,0.03125,False
360,Random-150,89,False,15.388,9,CHANNEL_DROP,0.375,0.07812,False
361,Random-150,44,True,19.409,4,,0.3,0.03906,False
362,Random-150,2,True,33.503,8,,0.6,0.07031,False
363,Random-150,49,True,27.957,6,,0.45,0.05469,False
364,Random-150,26,True,45.816,11,,0.825,0.09375,False
365,Random-150,19,False,22.585,7,CHANNEL_DROP,0.525,0.0625,False
366,Random-150,12,True,21.961,5,,0.375,0.04688,False
367,Random-150,144,True,7.011,1,,0.075,0.01562,False
368,Random-150,1,True,31.26,7,,0.525,0.0625,False
369,Random-150,76,True,14.263,3,,0.225,0.03125,False
370,Random-150,24,True,7.736,1,,0.075,0.01562,False
371,Random-150,85,True,13.833,3,,0.225,0.03125,False
372,Random-150,32,True,16.445,3,,0.225,0.03125,False
373,Random-150,100,True,17.667,4,,0.3,0.03906,False
374,Random-150,144,True,8.31,1,,0.075,0.01562,False
375,Random-150,83,True,19.673,4,,0.3,0.03906,False
376,Random-150,36,True,23.062,5,,0.375,0.04688,False
377,Random-150,33,False,0.0,5,CHANNEL_DROP,0.075,0.04688,False
378,Random-150,45,True,31.567,7,,0.525,0.0625,False
379,Random-150,149,True,22.491,5,,0.375,0.04688,False
380,Random-150,139,True,31.634,8,,0.6,0.07031,False
381,Random-150,117,False,0.0,4,CHANNEL_DROP,0.075,0.03906,False
382,Random-150,123,True,11.582,2,,0.15,0.02344,False
383,Random-150,64,True,19.354,4,,0.3,0.03906,False
384,Random-150,133,True,26.027,6,,0.45,0.05469,False
385,Random-150,93,True,11.864,2,,0.15,0.02344,False
386,Random-150,5,False,0.0,7,CHANNEL_DROP,0.075,0.0625,False
387,Random-150,49,True,25.134,6,,0.45,0.05469,False
388,Random-150,55,True,24.835,6,,0.45,0.05469,False
389,Random-150,108,True,19.286,4,,0.3,0.03906,False
390,Random-150,75,False,17.72,6,CHANNEL_DROP,0.45,0.05469,False
391,Random-150,99,True,34.411,8,,0.6,0.07031,False
392,Random-150,86,True,19.245,4,,0.3,0.03906,False
393,Random-150,73,True,22.509,5,,0.375,0.04688,False
394,Random-150,95,True,19.331,4,,0.3,0.03906,False
395,Random-150,95,True,19.444,4,,0.3,0.03906,False
396,Random-150,78,True,30.737,7,,0.525,0.0625,False
397,Random-150,90,True,7.304,1,,0.075,0.01562,False
398,Random-150,35,True,23.59,5,,0.375,0.04688,False
399,Random-150,138,True,37.943,9,,0.675,0.07812,False
400,Random-150,148,True,7.612,1,,0.075,0.01562,False
401,Random-150,59,True,21.77,5,,0.375,0.04688,False
402,Random-150,110,True,29.73,7,,0.525,0.0625,False
403,Random-150,33,False,19.407,5,CHANNEL_DROP,0.375,0.04688,False
404,Random-150,67,True,19.026,4,,0.3,0.03906,False
405,Random-150,27,True,22.506,5,,0.375,0.04688,False
406,Random-150,9,True,26.548,6,,0.45,0.05469,False
407,Random-150,45,True,29.912,7,,0.525,0.0625,False
408,Random-150,79,True,26.915,6,,0.45,0.05469,False
409,Random-150,94,True,22.906,5,,0.375,0.04688,False
410,Random-150,140,True,25.562,6,,0.45,0.05469,False
411,Random-150,9,False,0.0,6,CHANNEL_DROP,0.075,0.05469,False
412,Random-150,101,True,27.817,6,,0.45,0.05469,False
413,Random-150,145,True,45.729,11,,0.825,0.09375,False
414,Random-150,41,True,42.463,10,,0.75,0.08594,False
415,Random-150,97,True,22.802,5,,0.375,0.04688,False
416,Random-150,67,True,19.223,4,,0.3,0.03906,False
417,Random-150,4,True,19.563,4,,0.3,0.03906,False
418,Random-150,68,True,7.197,1,,0.075,0.01562,False
419,Random-150,14,True,11.898,2,,0.15,0.02344,False
420,Random-150,11,True,29.691,7,,0.525,0.0625,False
421,Random-150,84,False,3.484,8,CHANNEL_DROP,0.15,0.07031,False
422,Random-150,91,True,12.07,2,,0.15,0.02344,False
423,Random-150,138,True,38.545,9,,0.675,0.07812,False
424,Random-150,92,True,27.443,6,,0.45,0.05469,False
425,Random-150,139,True,34.891,8,,0.6,0.07031,False
426,Random-150,68,True,7.31,1,,0.075,0.01562,False
427,Random-150,58,True,19.247,4,,0.3,0.03906,False
428,Random-150,116,False,3.32,3,CHANNEL_DROP,0.15,0.03125,False
429,Random-150,39,True,19.299,4,,0.3,0.03906,False
430,Random-150,15,True,29.863,7,,0.525,0.0625,False
431,Random-150,75,True,25.831,6,,0.45,0.05469,False
432,Random-150,25,True,35.339,8,,0.6,0.07031,False
433,Random-150,38,True,26.132,6,,0.45,0.05469,False
434,Random-150,18,False,28.771,9,CHANNEL_DROP,0.675,0.07812,False
435,Random-150,40,True,31.504,7,,0.525,0.0625,False
436,Random-150,99,True,33.459,8,,0.6,0.07031,False
437,Random-150,47,True,7.911,1,,0.075,0.01562,False
438,Random-150,67,True,19.755,4,,0.3,0.03906,False
439,Random-150,6,True,29.877,7,,0.525,0.0625,False
440,Random-150,86,True,17.939,4,,0.3,0.03906,False
441,Random-150,38,True,25.431,6,,0.45,0.05469,False
442,Random-150,1,True,30.879,7,,0.525,0.0625,False
443,Random-150,147,False,0.0,11,CHANNEL_DROP,0.075,0.09375,False
444,Random-150,51,True,17.71,4,,0.3,0.03906,False
445,Random-150,115,True,22.398,5,,0.375,0.04688,False
446,Random-150,130,True,27.759,6,,0.45,0.05469,False
447,Random-150,64,True,18.943,4,,0.3,0.03906,False
448,Random-150,122,True,18.086,4,,0.3,0.03906,False
449,Random-150,34,True,15.268,3,,0.225,0.03125,False
450,Random-150,17,True,27.466,6,,0.45,0.05469,False
451,Random-150,46,True,30.054,7,,0.525,0.0625,False
452,Random-150,127,False,7.052,4,CHANNEL_DROP,0.225,0.03906,False
453,Random-150,58,False,3.915,4,CHANNEL_DROP,0.15,0.03906,False
454,Random-150,53,True,15.291,3,,0.225,0.03125,False
455,Random-150,3,True,11.908,2,,0.15,0.02344,False
456,Random-150,29,True,37.139,9,,0.675,0.07812,False
457,Random-150,37,True,12.187,2,,0.15,0.02344,False
458,Random-150,17,True,26.219,6,,0.45,0.05469,False
459,Random-150,147,False,0.0,11,CHANNEL_DROP,0.075,0.09375,False
460,Random-150,138,True,38.904,9,,0.675,0.07812,False
461,Random-150,49,True,27.36,6,,0.45,0.05469,False
462,Random-150,18,True,37.404,9,,0.675,0.07812,False
463,Random-150,81,True,25.983,6,,0.45,0.05469,False
464,Random-150,30,True,19.04,4,,0.3,0.03906,False
465,Random-150,9,True,26.387,6,,0.45,0.05469,False
466,Random-150,9,True,26.421,6,,0.45,0.05469,False
467,Random-150,57,True,30.318,7,,0.525,0.0625,False
468,Random-150,38,True,27.136,6,,0.45,0.05469,False
469,Random-150,57,True,31.353,7,,0.525,0.0625,False
470,Random-150,52,True,30.268,7,,0.525,0.0625,False
471,Random-150,83,True,18.795,4,,0.3,0.03906,False
472,Random-150,28,True,27.008,6,,0.45,0.05469,False
473,Random-150,23,True,14.995,3,,0.225,0.03125,False
474,Random-150,27,True,23.505,5,,0.375,0.04688,False
475,Random-150,39,True,19.238,4,,0.3,0.03906,False
476,Random-150,116,True,14.889,3,,0.225,0.03125,False
477,Random-150,122,True,19.368,4,,0.3,0.03906,False
478,Random-150,111,True,8.216,1,,0.075,0.01562,False
479,Random-150,132,True,29.34,7,,0.525,0.0625,False
480,Random-150,15,True,29.89,7,,0.525,0.0625,False
481,Random-150,108,True,17.922,4,,0.3,0.03906,False
482,Random-150,71,False,0.0,6,CHANNEL_DROP,0.075,0.05469,False
483,Random-150,68,True,7.88,1,,0.075,0.01562,False
484,Random-150,84,True,34.242,8,,0.6,0.07031,False
485,Random-150,26,True,46.045,11,,0.825,0.09375,False
486,Random-150,81,True,25.92,6,,0.45,0.05469,False
487,Random-150,54,True,23.433,5,,0.375,0.04688,False
488,Random-150,91,True,11.668,2,,0.15,0.02344,False
489,Random-150,34,True,15.111,3,,0.225,0.03125,False
490,Random-150,26,True,45.629,11,,0.825,0.09375,False
491,Random-150,66,True,19.156,4,,0.3,0.03906,False
492,Random-150,86,True,19.475,4,,0.3,0.03906,False
493,Random-150,100,True,19.466,4,,0.3,0.03906,False
494,Random-150,77,True,18.93,4,,0.3,0.03906,False
495,Random-150,65,True,20.266,4,,0.3,0.03906,False
496,Random-150,111,True,7.916,1,,0.075,0.01562,False
497,Random-150,11,True,30.456,7,,0.525,0.0625,False
498,Random-150,124,False,11.224,5,CHANNEL_DROP,0.3,0.04688,False
499,Random-150,72,False,27.979,8,CHANNEL_DROP,0.6,0.07031,False
500,Random-150,104,True,35.402,8,,0.6,0.07031,False
